game,username,query_user_id,course,date,total_score,score_vs_par,gsp,youtube_video,entry_url,hole_1,hole_2,hole_3,hole_4,hole_5,hole_6,hole_7,hole_8,hole_9,hole_10,hole_11,hole_12,hole_13,hole_14,hole_15,hole_16,hole_17,hole_18
Golden Tee Live 2006,ed20910,ed20910,Coral Vista,16-11-2025 23:07:04,48,+12,0,,https://teknoparrot.com/en/Highscore/EntrySpecificGt06?gameId=gt06&entryId=467,6,5,7,5,6,5,3,4,7,0,0,0,0,0,0,0,0,0
Golden Tee Live 2006,ed20910,ed20910,Coral Vista,16-11-2025 22:57:26,40,+4,0,,https://teknoparrot.com/en/Highscore/EntrySpecificGt06?gameId=gt06&entryId=466,3,4,6,4,4,4,3,7,5,0,0,0,0,0,0,0,0,0
Golden Tee Live 2006,ed20910,ed20910,Coral Vista,16-11-2025 20:45:32,40,+4,0,,https://teknoparrot.com/en/Highscore/EntrySpecificGt06?gameId=gt06&entryId=465,3,5,2,7,3,5,2,7,6,0,0,0,0,0,0,0,0,0
Golden Tee Live 2006,ed20910,ed20910,Coral Vista,16-11-2025 20:27:44,47,+11,0,,https://teknoparrot.com/en/Highscore/EntrySpecificGt06?gameId=gt06&entryId=464,5,3,5,4,4,7,3,8,8,0,0,0,0,0,0,0,0,0
Golden Tee Live 2006,ed20910,ed20910,Coral Vista,12-11-2025 17:49:00,38,+2,0,https://www.youtube.com/watch?v=Q8QAgx86iWM,https://teknoparrot.com/en/Highscore/EntrySpecificGt06?gameId=gt06&entryId=463,5,4,4,5,4,4,2,5,5,0,0,0,0,0,0,0,0,0
Golden Tee Live 2006,ed20910,ed20910,Coral Vista,12-11-2025 17:37:21,46,+10,0,,https://teknoparrot.com/en/Highscore/EntrySpecificGt06?gameId=gt06&entryId=462,5,7,5,7,3,5,4,5,5,0,0,0,0,0,0,0,0,0
Golden Tee Live 2006,ed20910,ed20910,Coral Vista,12-11-2025 00:39:17,33,-3,0,https://www.youtube.com/watch?v=cnnPKOvTJno,https://teknoparrot.com/en/Highscore/EntrySpecificGt06?gameId=gt06&entryId=461,3,3,3,4,5,3,2,5,5,0,0,0,0,0,0,0,0,0
Golden Tee Live 2006,ed20910,ed20910,Coral Vista,12-11-2025 00:00:21,33,-3,0,https://www.youtube.com/watch?v=6_jqFjm7KQI,https://teknoparrot.com/en/Highscore/EntrySpecificGt06?gameId=gt06&entryId=460,3,3,4,5,4,4,2,4,4,0,0,0,0,0,0,0,0,0
Golden Tee Live 2006,ed20910,ed20910,Coral Vista,11-11-2025 23:44:40,36,E,0,https://www.youtube.com/watch?v=vrGOSaBXi7Y,https://teknoparrot.com/en/Highscore/EntrySpecificGt06?gameId=gt06&entryId=459,3,4,3,5,5,4,4,4,4,0,0,0,0,0,0,0,0,0
Golden Tee Live 2006,ed20910,ed20910,Coral Vista,11-11-2025 23:13:10,33,-3,0,https://www.youtube.com/watch?v=KV6F6js18Uw,https://teknoparrot.com/en/Highscore/EntrySpecificGt06?gameId=gt06&entryId=458,4,3,3,5,3,4,2,4,5,0,0,0,0,0,0,0,0,0
Golden Tee Live 2006,ed20910,ed20910,Coral Vista,11-11-2025 23:00:50,38,+2,0,https://www.youtube.com/watch?v=KV6F6js18Uw,https://teknoparrot.com/en/Highscore/EntrySpecificGt06?gameId=gt06&entryId=457,3,3,2,5,3,5,5,4,8,0,0,0,0,0,0,0,0,0
Golden Tee Live 2007,ed20910,ed20910,Indigo Mound,18-05-2026 05:26:56,36,-1,0,,https://teknoparrot.com/en/Highscore/EntrySpecificGt06?gameId=gt07&entryId=290,4,3,3,6,4,3,5,4,4,0,0,0,0,0,0,0,0,0
Golden Tee Live 2007,ed20910,ed20910,Indigo Mound,18-04-2026 06:52:30,79,+6,0,,https://teknoparrot.com/en/Highscore/EntrySpecificGt06?gameId=gt07&entryId=288,3,5,2,5,4,5,2,4,4,5,4,3,8,5,2,9,4,5
Golden Tee Live 2007,ed20910,ed20910,Rustic Bridge,19-01-2026 06:03:39,78,+6,0,https://www.youtube.com/watch?v=QOYaKskceGk,https://teknoparrot.com/en/Highscore/EntrySpecificGt06?gameId=gt07&entryId=283,4,3,5,4,3,5,3,4,5,3,4,5,4,5,5,6,3,7
Golden Tee Live 2007,ed20910,ed20910,Rustic Bridge,09-01-2026 04:35:49,42,+7,0,,https://teknoparrot.com/en/Highscore/EntrySpecificGt06?gameId=gt07&entryId=282,4,4,3,7,3,4,6,5,6,0,0,0,0,0,0,0,0,0
Golden Tee Live 2007,ed20910,ed20910,Rustic Bridge,01-01-2026 04:30:55,32,-3,0,,https://teknoparrot.com/en/Highscore/EntrySpecificGt06?gameId=gt07&entryId=281,4,3,3,4,5,3,3,3,4,0,0,0,0,0,0,0,0,0
Golden Tee Unplugged 2016,ed20910,ed20910,Grizzly Flats,07-02-2026 06:38:27,57,-15,15747,https://www.youtube.com/watch?v=56slrUAQmRU,https://teknoparrot.com/en/Highscore/EntrySpecificGt06?gameId=gt16&entryId=1136,3,4,2,3,3,2,3,4,2,3,3,2,3,4,4,3,5,4
Golden Tee Unplugged 2016,ed20910,ed20910,Grizzly Flats,07-02-2026 06:15:26,64,-8,0,https://www.youtube.com/watch?v=3oO3XrvW9oo,https://teknoparrot.com/en/Highscore/EntrySpecificGt06?gameId=gt16&entryId=1135,3,3,2,5,3,2,3,3,2,4,3,3,2,5,5,2,6,8
Golden Tee Unplugged 2016,ed20910,ed20910,Grizzly Flats,07-02-2026 06:00:12,68,-4,7706,https://www.youtube.com/watch?v=wYvuneDZwY0,https://teknoparrot.com/en/Highscore/EntrySpecificGt06?gameId=gt16&entryId=1134,3,3,3,4,2,2,3,5,4,5,5,4,4,5,4,3,4,5
Golden Tee Unplugged 2016,ed20910,ed20910,Coconut Beach,06-02-2026 06:25:18,58,-14,31608,,https://teknoparrot.com/en/Highscore/EntrySpecificGt06?gameId=gt16&entryId=1131,2,3,3,2,2,4,3,2,5,6,3,3,4,3,5,1,4,3
Golden Tee Unplugged 2016,ed20910,ed20910,Coconut Beach,06-02-2026 06:14:16,59,-13,4893,https://www.youtube.com/watch?v=wFGu52m4MLM,https://teknoparrot.com/en/Highscore/EntrySpecificGt06?gameId=gt16&entryId=1130,2,3,4,3,4,5,3,2,3,3,3,3,4,4,5,3,2,3
Golden Tee Unplugged 2016,ed20910,ed20910,Coconut Beach,01-02-2026 03:05:23,65,-7,0,,https://teknoparrot.com/en/Highscore/EntrySpecificGt06?gameId=gt16&entryId=1124,2,4,3,2,3,5,3,2,4,4,5,2,4,4,5,3,4,6
Golden Tee Unplugged 2016,ed20910,ed20910,Coconut Beach,01-02-2026 02:41:32,66,-6,0,https://www.youtube.com/watch?v=VbBCzSIGhTk,https://teknoparrot.com/en/Highscore/EntrySpecificGt06?gameId=gt16&entryId=1123,3,3,4,2,3,5,3,2,3,4,7,2,5,4,5,4,4,3
Golden Tee Unplugged 2016,ed20910,ed20910,Coconut Beach,01-02-2026 02:30:29,61,-11,0,https://www.youtube.com/watch?v=kAaTqO_nj7Y,https://teknoparrot.com/en/Highscore/EntrySpecificGt06?gameId=gt16&entryId=1122,3,5,3,2,3,5,4,2,3,4,4,2,4,4,4,4,2,3
Golden Tee Unplugged 2016,ed20910,ed20910,Coconut Beach,01-02-2026 02:19:10,66,-6,0,https://www.youtube.com/watch?v=UzExsNLvzl8,https://teknoparrot.com/en/Highscore/EntrySpecificGt06?gameId=gt16&entryId=1121,3,4,4,2,3,4,2,4,4,4,4,3,5,3,5,3,5,4
Golden Tee Unplugged 2016,ed20910,ed20910,Coconut Beach,01-02-2026 01:53:10,60,-12,0,https://www.youtube.com/watch?v=1tRvULH24uU,https://teknoparrot.com/en/Highscore/EntrySpecificGt06?gameId=gt16&entryId=1120,2,3,3,3,3,4,3,2,3,4,5,2,5,4,5,4,3,2
Golden Tee Unplugged 2016,ed20910,ed20910,Coconut Beach,01-02-2026 01:40:46,71,-1,0,https://www.youtube.com/watch?v=KV1szqHMdD0,https://teknoparrot.com/en/Highscore/EntrySpecificGt06?gameId=gt16&entryId=1119,4,4,4,3,4,5,5,2,3,3,4,3,5,7,5,3,2,5
Golden Tee Unplugged 2016,ed20910,ed20910,Coconut Beach,31-01-2026 22:02:59,70,-2,0,,https://teknoparrot.com/en/Highscore/EntrySpecificGt06?gameId=gt16&entryId=1115,2,8,3,2,3,4,3,3,5,5,4,2,5,4,6,2,4,5
Golden Tee Unplugged 2016,ed20910,ed20910,Cape Haven,29-01-2026 07:39:25,72,E,0,https://www.youtube.com/watch?v=4aqiAGS0twE,https://teknoparrot.com/en/Highscore/EntrySpecificGt06?gameId=gt16&entryId=1106,3,4,2,4,3,5,6,2,4,4,4,5,3,5,4,5,5,4
Golden Tee Unplugged 2016,ed20910,ed20910,Cape Haven,29-01-2026 07:11:50,72,E,11804,,https://teknoparrot.com/en/Highscore/EntrySpecificGt06?gameId=gt16&entryId=1105,4,3,2,6,4,4,3,5,2,5,4,4,3,3,3,5,7,5
Golden Tee Unplugged 2016,ed20910,ed20910,Cape Haven,25-01-2026 00:59:47,65,-7,0,,https://teknoparrot.com/en/Highscore/EntrySpecificGt06?gameId=gt16&entryId=1098,3,3,3,4,3,4,4,3,3,5,5,4,2,3,4,3,5,4
Golden Tee Unplugged 2016,ed20910,ed20910,Cape Haven,25-01-2026 00:41:44,67,-5,3981,https://www.youtube.com/watch?v=uvTw821eO08,https://teknoparrot.com/en/Highscore/EntrySpecificGt06?gameId=gt16&entryId=1097,3,3,2,4,4,4,3,4,4,5,5,4,2,4,3,6,2,5
Golden Tee Unplugged 2016,ed20910,ed20910,Cape Haven,25-01-2026 00:26:25,67,-5,0,https://www.youtube.com/watch?v=BBHdycqkaP0,https://teknoparrot.com/en/Highscore/EntrySpecificGt06?gameId=gt16&entryId=1096,4,4,2,5,5,5,5,3,3,3,4,3,3,2,3,5,4,4
Golden Tee Unplugged 2016,ed20910,ed20910,Sequoia Grove,22-01-2026 03:39:49,62,-10,0,https://www.youtube.com/watch?v=HYaiMNCX7ig,https://teknoparrot.com/en/Highscore/EntrySpecificGt06?gameId=gt16&entryId=1078,3,4,2,3,3,2,4,5,2,4,2,4,3,4,4,4,4,5
Golden Tee Unplugged 2016,ed20910,ed20910,Sequoia Grove,22-01-2026 03:17:30,64,-8,4704,https://www.youtube.com/watch?v=0yNo-y2mE9w,https://teknoparrot.com/en/Highscore/EntrySpecificGt06?gameId=gt16&entryId=1077,3,4,2,3,3,2,3,5,3,4,4,4,4,3,4,3,7,3
Golden Tee Unplugged 2016,ed20910,ed20910,Sequoia Grove,22-01-2026 03:04:42,64,-8,7565,https://www.youtube.com/watch?v=PcVyF6NFuSM,https://teknoparrot.com/en/Highscore/EntrySpecificGt06?gameId=gt16&entryId=1076,3,3,2,4,3,1,4,4,2,5,3,6,3,4,3,3,5,6
Golden Tee Unplugged 2016,ed20910,ed20910,Sequoia Grove,22-01-2026 02:49:44,68,-4,0,https://www.youtube.com/watch?v=g6FQ8OwxZfE,https://teknoparrot.com/en/Highscore/EntrySpecificGt06?gameId=gt16&entryId=1075,3,4,2,3,4,2,4,4,4,5,2,6,4,4,2,6,6,3
Golden Tee Unplugged 2016,ed20910,ed20910,Sequoia Grove,22-01-2026 02:37:45,69,-3,0,https://www.youtube.com/watch?v=IaXujd7MnFg,https://teknoparrot.com/en/Highscore/EntrySpecificGt06?gameId=gt16&entryId=1074,3,3,2,3,4,2,4,5,4,3,2,4,3,5,6,5,5,6
Golden Tee Unplugged 2016,ed20910,ed20910,Sequoia Grove,22-01-2026 02:25:24,65,-7,8070,https://www.youtube.com/watch?v=cwTY0oFw6lw,https://teknoparrot.com/en/Highscore/EntrySpecificGt06?gameId=gt16&entryId=1073,3,5,3,3,5,2,3,4,4,4,4,4,3,3,2,4,6,3
Golden Tee Unplugged 2016,ed20910,ed20910,Sequoia Grove,21-01-2026 23:55:02,66,-6,0,https://www.youtube.com/watch?v=GeSuqEhwVkw,https://teknoparrot.com/en/Highscore/EntrySpecificGt06?gameId=gt16&entryId=1071,3,4,2,3,3,2,3,5,3,5,3,4,4,5,2,6,6,3
Golden Tee Unplugged 2016,ed20910,ed20910,Sequoia Grove,21-01-2026 23:41:43,64,-8,6224,https://www.youtube.com/watch?v=YRo3Jvvcgeg,https://teknoparrot.com/en/Highscore/EntrySpecificGt06?gameId=gt16&entryId=1070,2,3,3,4,4,0,6,4,4,3,3,4,3,3,4,4,7,3
Golden Tee Unplugged 2016,ed20910,ed20910,Jack Rabbit Junction,11-01-2026 06:23:39,57,-15,3954,https://www.youtube.com/watch?v=ic92wH_pPJk,https://teknoparrot.com/en/Highscore/EntrySpecificGt06?gameId=gt16&entryId=1027,3,4,2,3,3,3,3,4,3,2,2,5,3,3,2,4,4,4
Golden Tee Unplugged 2016,ed20910,ed20910,Jack Rabbit Junction,11-01-2026 05:49:00,59,-13,7027,https://www.youtube.com/watch?v=Fm_Nh0YCbho,https://teknoparrot.com/en/Highscore/EntrySpecificGt06?gameId=gt16&entryId=1026,4,2,2,4,2,3,2,3,5,3,2,4,3,5,3,3,5,4
Golden Tee Unplugged 2016,ed20910,ed20910,Jack Rabbit Junction,11-01-2026 05:10:18,63,-9,4379,https://www.youtube.com/watch?v=CD5jVrfQXiE,https://teknoparrot.com/en/Highscore/EntrySpecificGt06?gameId=gt16&entryId=1025,3,3,3,4,4,3,3,3,5,3,2,5,3,4,2,4,4,5
Golden Tee Unplugged 2016,ed20910,ed20910,Woodland Farm,04-01-2026 06:30:33,71,-1,14702,https://www.youtube.com/watch?v=PDRjnSFaEIY,https://teknoparrot.com/en/Highscore/EntrySpecificGt06?gameId=gt16&entryId=1008,3,3,3,5,4,4,4,3,4,6,3,5,3,4,6,4,3,4
Golden Tee Unplugged 2016,ed20910,ed20910,Woodland Farm,04-01-2026 06:13:30,73,+1,0,,https://teknoparrot.com/en/Highscore/EntrySpecificGt06?gameId=gt16&entryId=1007,3,3,4,5,4,3,2,5,4,5,3,4,4,6,5,6,3,4
Golden Tee Unplugged 2016,ed20910,ed20910,Woodland Farm,04-01-2026 05:59:49,76,+4,0,https://www.youtube.com/watch?v=5t5q-0HRA_8,https://teknoparrot.com/en/Highscore/EntrySpecificGt06?gameId=gt16&entryId=1006,4,4,2,4,4,4,2,5,3,5,2,7,3,4,4,7,6,6
Golden Tee Unplugged 2016,ed20910,ed20910,Pelican Grove,02-01-2026 05:27:51,68,-4,0,https://www.youtube.com/watch?v=UlpDLzg3ZOk,https://teknoparrot.com/en/Highscore/EntrySpecificGt06?gameId=gt16&entryId=997,3,5,2,2,3,3,3,7,4,3,4,3,4,5,4,5,5,3
Golden Tee Unplugged 2016,ed20910,ed20910,Pelican Grove,02-01-2026 05:16:50,69,-3,0,https://www.youtube.com/watch?v=f3B-nUDj270,https://teknoparrot.com/en/Highscore/EntrySpecificGt06?gameId=gt16&entryId=996,3,3,3,3,5,3,4,5,5,4,4,3,5,6,3,2,5,3
Golden Tee Unplugged 2016,ed20910,ed20910,Shady Acres,26-12-2025 19:11:27,67,-5,8093,https://www.youtube.com/watch?v=7Tyn94heiHI,https://teknoparrot.com/en/Highscore/EntrySpecificGt06?gameId=gt16&entryId=992,3,3,2,4,4,3,4,3,4,3,4,5,4,4,3,5,4,5
Golden Tee Unplugged 2016,ed20910,ed20910,Shady Acres,25-12-2025 07:46:58,76,+4,0,,https://teknoparrot.com/en/Highscore/EntrySpecificGt06?gameId=gt16&entryId=991,3,4,3,5,3,4,5,3,4,5,4,4,6,6,2,5,3,7
Golden Tee Unplugged 2016,ed20910,ed20910,Shady Acres,25-12-2025 06:46:34,75,+3,0,https://www.youtube.com/watch?v=rreNCcmgPn0,https://teknoparrot.com/en/Highscore/EntrySpecificGt06?gameId=gt16&entryId=990,3,3,3,4,3,5,5,3,5,3,5,6,2,6,3,8,4,4
Golden Tee Unplugged 2016,ed20910,ed20910,Shady Acres,25-12-2025 06:30:54,85,+13,0,,https://teknoparrot.com/en/Highscore/EntrySpecificGt06?gameId=gt16&entryId=989,4,4,3,4,4,4,5,6,5,3,5,4,7,4,7,6,5,5
Golden Tee Unplugged 2016,ed20910,ed20910,Shady Acres,25-12-2025 06:16:03,80,+8,0,https://www.youtube.com/watch?v=bPDgcaPM8go,https://teknoparrot.com/en/Highscore/EntrySpecificGt06?gameId=gt16&entryId=988,3,5,2,4,3,7,4,4,6,4,4,3,3,5,6,7,5,5
Golden Tee Unplugged 2016,ed20910,ed20910,Antelope Pass,12-12-2025 06:48:35,67,-5,20180,https://www.youtube.com/watch?v=Oo-lX5oOEGk,https://teknoparrot.com/en/Highscore/EntrySpecificGt06?gameId=gt16&entryId=946,3,3,4,3,3,5,2,5,3,6,3,3,2,5,4,6,4,3
Golden Tee Unplugged 2016,ed20910,ed20910,Antelope Pass,12-12-2025 06:34:09,74,+2,0,,https://teknoparrot.com/en/Highscore/EntrySpecificGt06?gameId=gt16&entryId=945,3,3,3,3,3,5,4,4,4,4,3,4,3,4,5,7,5,7
Golden Tee Unplugged 2016,ed20910,ed20910,Antelope Pass,12-12-2025 06:19:00,72,E,5090,,https://teknoparrot.com/en/Highscore/EntrySpecificGt06?gameId=gt16&entryId=944,3,3,3,5,3,5,3,4,2,4,5,4,2,5,6,5,5,5
Golden Tee Unplugged 2016,ed20910,ed20910,Hawthorne Manor,28-11-2025 21:53:40,66,-6,0,,https://teknoparrot.com/en/Highscore/EntrySpecificGt06?gameId=gt16&entryId=743,3,2,4,3,3,3,3,3,3,5,3,3,6,3,5,7,4,3
Golden Tee Unplugged 2016,ed20910,ed20910,Hawthorne Manor,28-11-2025 21:39:02,63,-9,0,,https://teknoparrot.com/en/Highscore/EntrySpecificGt06?gameId=gt16&entryId=742,3,2,3,4,3,3,5,4,3,4,3,5,4,3,3,4,3,4
Golden Tee Unplugged 2016,ed20910,ed20910,Hawthorne Manor,28-11-2025 21:24:36,73,+1,0,,https://teknoparrot.com/en/Highscore/EntrySpecificGt06?gameId=gt16&entryId=741,3,2,6,4,3,4,4,3,4,3,4,5,5,4,3,6,4,6
Golden Tee Unplugged 2016,ed20910,ed20910,Pearl Lagoon,21-11-2025 07:21:28,68,-4,0,,https://teknoparrot.com/en/Highscore/EntrySpecificGt06?gameId=gt16&entryId=627,3,4,3,4,4,2,4,2,4,4,5,2,5,4,3,3,6,6
Golden Tee Unplugged 2016,ed20910,ed20910,Pearl Lagoon,21-11-2025 07:09:19,66,-6,0,,https://teknoparrot.com/en/Highscore/EntrySpecificGt06?gameId=gt16&entryId=626,3,2,3,4,3,2,5,3,4,3,5,3,5,5,3,3,5,5
Golden Tee Unplugged 2016,ed20910,ed20910,Pearl Lagoon,21-11-2025 06:56:41,65,-7,9434,,https://teknoparrot.com/en/Highscore/EntrySpecificGt06?gameId=gt16&entryId=625,3,2,2,4,3,3,4,3,4,4,4,3,5,5,5,2,5,4
Golden Tee Unplugged 2016,ed20910,ed20910,Pearl Lagoon,21-11-2025 06:43:38,67,-5,0,,https://teknoparrot.com/en/Highscore/EntrySpecificGt06?gameId=gt16&entryId=623,4,3,3,4,3,2,4,2,6,4,4,3,5,3,4,3,7,3
Golden Tee Unplugged 2016,ed20910,ed20910,Pearl Lagoon,21-11-2025 06:31:35,71,-1,3058,,https://teknoparrot.com/en/Highscore/EntrySpecificGt06?gameId=gt16&entryId=622,3,2,3,4,3,3,5,2,3,4,5,3,7,5,4,4,7,4
Golden Tee Unplugged 2016,ed20910,ed20910,Pearl Lagoon,21-11-2025 06:16:39,70,-2,0,,https://teknoparrot.com/en/Highscore/EntrySpecificGt06?gameId=gt16&entryId=621,4,4,3,4,3,3,5,3,3,4,6,3,5,3,5,2,5,5
Golden Tee Unplugged 2016,ed20910,ed20910,Indigo Mound,13-11-2025 22:08:02,64,-9,0,https://www.youtube.com/watch?v=aKD-rScSa7E,https://teknoparrot.com/en/Highscore/EntrySpecificGt06?gameId=gt16&entryId=487,3,3,2,4,4,4,3,4,5,4,3,3,3,5,3,4,4,3
Golden Tee Unplugged 2016,ed20910,ed20910,Indigo Mound,13-11-2025 21:18:39,71,-2,2475,https://www.youtube.com/watch?v=3jAiTLFZ3n0,https://teknoparrot.com/en/Highscore/EntrySpecificGt06?gameId=gt16&entryId=485,3,3,2,4,5,4,4,4,4,5,4,2,5,6,3,5,4,4
Golden Tee Unplugged 2016,ed20910,ed20910,Indigo Mound,13-11-2025 21:05:41,72,-1,0,,https://teknoparrot.com/en/Highscore/EntrySpecificGt06?gameId=gt16&entryId=484,4,3,3,5,3,4,3,3,4,4,5,4,5,4,4,5,4,5
Golden Tee Unplugged 2016,ed20910,ed20910,Indigo Mound,13-11-2025 20:52:56,77,+4,0,https://www.youtube.com/watch?v=klWf5BJP8hM,https://teknoparrot.com/en/Highscore/EntrySpecificGt06?gameId=gt16&entryId=482,4,3,4,5,5,5,3,3,4,3,4,4,4,5,3,9,4,5
Golden Tee Unplugged 2016,ed20910,ed20910,Indigo Mound,13-11-2025 20:32:52,80,+7,5091,https://www.youtube.com/watch?v=nsShvE-IcZI,https://teknoparrot.com/en/Highscore/EntrySpecificGt06?gameId=gt16&entryId=481,4,4,3,6,3,4,3,4,5,7,4,3,7,4,5,6,4,4
Golden Tee Unplugged 2016,ed20910,ed20910,Indigo Mound,13-11-2025 20:17:14,80,+7,0,https://www.youtube.com/watch?v=RIep9HIdiTE,https://teknoparrot.com/en/Highscore/EntrySpecificGt06?gameId=gt16&entryId=480,4,3,4,5,5,4,2,7,4,4,4,5,8,4,3,5,5,4
Golden Tee Unplugged 2016,ed20910,ed20910,Coral Vista,13-11-2025 04:01:30,74,+2,0,https://www.youtube.com/watch?v=QXUddxTmgcI,https://teknoparrot.com/en/Highscore/EntrySpecificGt06?gameId=gt16&entryId=466,4,3,3,4,4,3,3,4,4,5,5,3,4,5,4,6,5,5
Golden Tee Unplugged 2016,ed20910,ed20910,Coral Vista,12-11-2025 08:14:09,73,+1,6942,https://www.youtube.com/watch?v=dKV8a3HHL2o,https://teknoparrot.com/en/Highscore/EntrySpecificGt06?gameId=gt16&entryId=444,3,4,3,5,4,4,4,5,4,4,5,4,4,5,4,4,4,3
Golden Tee Unplugged 2016,ed20910,ed20910,Coral Vista,12-11-2025 07:47:13,65,-7,0,https://www.youtube.com/watch?v=zz-4n7zgtZo,https://teknoparrot.com/en/Highscore/EntrySpecificGt06?gameId=gt16&entryId=443,3,3,2,5,3,3,3,4,4,3,5,3,4,4,5,3,4,4
Golden Tee Unplugged 2016,ed20910,ed20910,Rocky Hollow,07-11-2025 06:12:57,84,+12,0,https://www.youtube.com/watch?v=BLmIH-LHYpU,https://teknoparrot.com/en/Highscore/EntrySpecificGt06?gameId=gt16&entryId=335,4,4,2,4,6,3,5,4,5,4,3,4,7,5,5,7,7,5
Golden Tee Unplugged 2016,ed20910,ed20910,Pearl Lagoon,07-11-2025 05:47:45,79,+7,0,https://www.youtube.com/watch?v=fm9QNcVD6_g,https://teknoparrot.com/en/Highscore/EntrySpecificGt06?gameId=gt16&entryId=334,6,2,3,5,4,3,4,3,3,4,5,4,9,4,3,4,7,6
Golden Tee Unplugged 2016,ed20910,ed20910,Rocky Hollow,07-11-2025 05:31:27,79,+7,0,https://www.youtube.com/watch?v=fsc3c1Y5b6M,https://teknoparrot.com/en/Highscore/EntrySpecificGt06?gameId=gt16&entryId=332,4,3,2,5,3,2,4,3,2,6,4,3,4,8,6,8,7,5
Golden Tee Unplugged 2016,ed20910,ed20910,Tahiti Cove,07-11-2025 04:20:38,85,+13,0,https://www.youtube.com/watch?v=f08-BZ0sPHE,https://teknoparrot.com/en/Highscore/EntrySpecificGt06?gameId=gt16&entryId=330,4,3,3,5,7,6,4,4,3,7,3,5,4,5,4,8,4,6
Golden Tee Unplugged 2016,ed20910,ed20910,Rustic Bridge,07-11-2025 04:02:18,85,+13,2750,https://www.youtube.com/watch?v=zDcpDV_hiJc,https://teknoparrot.com/en/Highscore/EntrySpecificGt06?gameId=gt16&entryId=329,4,5,3,6,2,3,3,3,6,5,6,7,5,7,6,3,6,5
Golden Tee Unplugged 2016,ed20910,ed20910,Indigo Mound,05-11-2025 05:26:17,70,-3,0,,https://teknoparrot.com/en/Highscore/EntrySpecificGt06?gameId=gt16&entryId=293,4,3,3,5,5,5,3,3,4,3,6,3,5,5,3,4,2,4
Golden Tee Unplugged 2016,ed20910,ed20910,Coconut Beach,05-11-2025 03:40:43,108,+36,0,https://www.youtube.com/watch?v=VzD5DI3TYl8,https://teknoparrot.com/en/Highscore/EntrySpecificGt06?gameId=gt16&entryId=291,3,8,4,3,6,6,7,4,7,5,8,5,6,8,8,4,8,8
Golden Tee Unplugged 2016,ed20910,ed20910,Coconut Beach,05-11-2025 03:12:42,85,+13,0,,https://teknoparrot.com/en/Highscore/EntrySpecificGt06?gameId=gt16&entryId=290,4,7,5,2,3,5,4,7,4,5,5,2,8,5,5,4,4,6
Golden Tee Unplugged 2016,ed20910,ed20910,Coconut Beach,05-11-2025 02:58:23,107,+35,405,,https://teknoparrot.com/en/Highscore/EntrySpecificGt06?gameId=gt16&entryId=288,4,6,5,7,5,5,6,4,8,5,8,7,5,6,9,6,6,5
Golden Tee Unplugged 2018,ed20910,ed20910,Black Hills,21-06-2026 00:23:12,62,-9,0,,https://teknoparrot.com/en/Highscore/EntrySpecificGt06?gameId=gt18&entryId=1302,3,4,2,4,4,4,5,2,3,4,3,2,5,3,3,4,5,2
Golden Tee Unplugged 2018,ed20910,ed20910,Laurel Park,19-06-2026 03:03:04,59,-14,0,,https://teknoparrot.com/en/Highscore/EntrySpecificGt06?gameId=gt18&entryId=1289,3,4,2,4,4,4,3,2,3,3,4,2,3,3,3,4,2,6
Golden Tee Unplugged 2018,ed20910,ed20910,Laurel Park,19-06-2026 02:50:22,59,-14,0,,https://teknoparrot.com/en/Highscore/EntrySpecificGt06?gameId=gt18&entryId=1288,3,3,2,4,3,5,4,2,3,3,3,3,4,3,2,4,3,5
Golden Tee Unplugged 2018,ed20910,ed20910,Laurel Park,14-06-2026 05:59:10,63,-10,0,,https://teknoparrot.com/en/Highscore/EntrySpecificGt06?gameId=gt18&entryId=1278,3,3,2,4,3,3,4,2,3,4,3,2,4,4,5,4,4,6
Golden Tee Unplugged 2018,ed20910,ed20910,Laurel Park,14-06-2026 05:46:19,63,-10,10467,,https://teknoparrot.com/en/Highscore/EntrySpecificGt06?gameId=gt18&entryId=1277,3,4,3,3,3,4,4,2,4,3,3,2,4,5,3,4,3,6
Golden Tee Unplugged 2018,ed20910,ed20910,Alpine Run,08-06-2026 03:29:55,64,-8,0,,https://teknoparrot.com/en/Highscore/EntrySpecificGt06?gameId=gt18&entryId=1268,4,3,3,2,4,3,4,3,4,3,6,4,3,3,4,5,3,3
Golden Tee Unplugged 2018,ed20910,ed20910,Alpine Run,08-06-2026 03:15:38,61,-11,0,,https://teknoparrot.com/en/Highscore/EntrySpecificGt06?gameId=gt18&entryId=1267,3,2,2,4,4,4,4,3,4,4,2,5,3,2,3,4,4,4
Golden Tee Unplugged 2018,ed20910,ed20910,Alpine Run,08-06-2026 03:05:26,61,-11,0,,https://teknoparrot.com/en/Highscore/EntrySpecificGt06?gameId=gt18&entryId=1266,3,2,2,4,3,3,3,3,5,4,6,5,4,3,3,4,2,2
Golden Tee Unplugged 2018,ed20910,ed20910,Grand Canyon,02-06-2026 05:29:17,61,-12,0,,https://teknoparrot.com/en/Highscore/EntrySpecificGt06?gameId=gt18&entryId=1229,2,3,2,5,3,4,4,4,3,3,2,3,3,4,3,6,3,4
Golden Tee Unplugged 2018,ed20910,ed20910,Grand Canyon,01-06-2026 23:52:46,62,-10,4356,,https://teknoparrot.com/en/Highscore/EntrySpecificGt06?gameId=gt18&entryId=1223,2,4,2,3,3,3,4,3,3,3,3,3,3,5,4,6,3,5
Golden Tee Unplugged 2018,ed20910,ed20910,Grand Canyon,30-05-2026 01:02:32,66,-6,0,,https://teknoparrot.com/en/Highscore/EntrySpecificGt06?gameId=gt18&entryId=1199,3,4,2,5,2,4,3,4,3,3,2,4,3,5,5,6,3,5
Golden Tee Unplugged 2018,ed20910,ed20910,Grand Canyon,30-05-2026 00:50:24,62,-10,14958,,https://teknoparrot.com/en/Highscore/EntrySpecificGt06?gameId=gt18&entryId=1198,3,3,3,3,2,3,3,4,3,3,2,3,3,7,3,6,4,4
Golden Tee Unplugged 2018,ed20910,ed20910,Grand Canyon,30-05-2026 00:37:24,64,-8,0,,https://teknoparrot.com/en/Highscore/EntrySpecificGt06?gameId=gt18&entryId=1197,2,4,2,3,2,4,2,6,5,3,2,4,3,3,3,7,4,5
Golden Tee Unplugged 2018,ed20910,ed20910,Southern Oaks,28-05-2026 23:47:32,61,-11,0,,https://teknoparrot.com/en/Highscore/EntrySpecificGt06?gameId=gt18&entryId=1192,3,3,2,3,3,3,4,4,4,4,3,3,4,3,3,4,3,5
Golden Tee Unplugged 2018,ed20910,ed20910,Southern Oaks,28-05-2026 23:36:50,61,-11,0,,https://teknoparrot.com/en/Highscore/EntrySpecificGt06?gameId=gt18&entryId=1191,3,4,2,4,3,2,3,4,4,3,4,2,5,3,5,3,2,5
Golden Tee Unplugged 2018,ed20910,ed20910,Southern Oaks,28-05-2026 23:24:39,66,-6,0,,https://teknoparrot.com/en/Highscore/EntrySpecificGt06?gameId=gt18&entryId=1190,3,4,2,4,4,3,5,4,4,4,3,3,3,4,6,2,3,5
Golden Tee Unplugged 2018,ed20910,ed20910,The Great Wall,18-05-2026 19:39:33,58,-14,7494,,https://teknoparrot.com/en/Highscore/EntrySpecificGt06?gameId=gt18&entryId=1101,2,3,2,4,4,3,2,3,4,4,3,2,4,4,4,3,3,4
Golden Tee Unplugged 2018,ed20910,ed20910,The Great Wall,17-05-2026 06:32:19,59,-13,17948,,https://teknoparrot.com/en/Highscore/EntrySpecificGt06?gameId=gt18&entryId=1083,3,3,2,4,3,3,2,6,3,3,5,2,4,3,5,3,2,3
Golden Tee Unplugged 2018,ed20910,ed20910,The Great Wall,17-05-2026 06:19:48,57,-15,0,,https://teknoparrot.com/en/Highscore/EntrySpecificGt06?gameId=gt18&entryId=1082,3,4,2,4,2,3,2,3,2,5,3,2,4,2,5,4,2,5
Golden Tee Unplugged 2018,ed20910,ed20910,Misty Springs,14-05-2026 22:12:00,65,-7,0,,https://teknoparrot.com/en/Highscore/EntrySpecificGt06?gameId=gt18&entryId=1061,3,4,2,3,3,2,4,3,5,4,4,2,5,4,4,5,3,5
Golden Tee Unplugged 2018,ed20910,ed20910,Misty Springs,14-05-2026 22:00:35,65,-7,0,,https://teknoparrot.com/en/Highscore/EntrySpecificGt06?gameId=gt18&entryId=1060,3,3,2,4,3,2,4,4,3,4,4,2,4,5,3,4,4,7
Golden Tee Unplugged 2018,ed20910,ed20910,Misty Springs,09-05-2026 00:50:54,71,-1,0,,https://teknoparrot.com/en/Highscore/EntrySpecificGt06?gameId=gt18&entryId=993,3,3,3,4,4,3,4,4,4,5,4,2,5,3,4,5,3,8
Golden Tee Unplugged 2018,ed20910,ed20910,Misty Springs,09-05-2026 00:30:51,65,-7,0,,https://teknoparrot.com/en/Highscore/EntrySpecificGt06?gameId=gt18&entryId=992,3,3,2,5,3,2,4,3,5,4,5,2,4,5,3,4,4,4
Golden Tee Unplugged 2018,ed20910,ed20910,Misty Springs,09-05-2026 00:18:51,67,-5,0,,https://teknoparrot.com/en/Highscore/EntrySpecificGt06?gameId=gt18&entryId=991,3,3,3,4,2,4,5,4,3,4,4,3,5,3,5,4,3,5
Golden Tee Unplugged 2018,ed20910,ed20910,Misty Springs,09-05-2026 00:06:18,63,-9,0,,https://teknoparrot.com/en/Highscore/EntrySpecificGt06?gameId=gt18&entryId=990,3,4,2,5,3,2,5,4,4,4,4,2,4,4,2,6,2,3
Golden Tee Unplugged 2018,ed20910,ed20910,Misty Springs,08-05-2026 23:55:03,65,-6,0,,https://teknoparrot.com/en/Highscore/EntrySpecificGt06?gameId=gt18&entryId=989,1,4,2,4,4,2,5,3,4,5,5,2,5,3,4,4,5,3
Golden Tee Unplugged 2018,ed20910,ed20910,Misty Springs,08-05-2026 19:31:30,64,-8,0,,https://teknoparrot.com/en/Highscore/EntrySpecificGt06?gameId=gt18&entryId=987,4,3,3,3,3,2,6,4,4,3,4,2,4,4,3,4,3,5
Golden Tee Unplugged 2018,ed20910,ed20910,Alpine Run,08-05-2026 01:48:41,59,-13,0,,https://teknoparrot.com/en/Highscore/EntrySpecificGt06?gameId=gt18&entryId=964,3,2,2,4,3,4,4,2,4,3,2,5,4,3,3,4,3,4
Golden Tee Unplugged 2018,ed20910,ed20910,Alpine Run,07-05-2026 01:24:13,63,-9,11597,,https://teknoparrot.com/en/Highscore/EntrySpecificGt06?gameId=gt18&entryId=955,3,4,2,4,5,3,2,2,4,3,4,5,3,4,4,4,4,3
Golden Tee Unplugged 2018,ed20910,ed20910,Alpine Run,07-05-2026 01:06:29,62,-10,15021,,https://teknoparrot.com/en/Highscore/EntrySpecificGt06?gameId=gt18&entryId=954,3,4,3,2,4,3,4,4,4,3,3,5,3,4,4,3,3,3
Golden Tee Unplugged 2018,ed20910,ed20910,Alpine Run,07-05-2026 00:52:39,56,-16,11406,https://www.youtube.com/watch?v=zD8Dp8VaLWg,https://teknoparrot.com/en/Highscore/EntrySpecificGt06?gameId=gt18&entryId=953,3,4,2,3,4,3,3,3,4,3,3,4,3,2,4,4,2,2
Golden Tee Unplugged 2018,ed20910,ed20910,Alpine Run,07-05-2026 00:42:23,66,-6,0,,https://teknoparrot.com/en/Highscore/EntrySpecificGt06?gameId=gt18&entryId=952,3,2,2,3,4,4,3,6,4,5,5,4,3,3,3,6,3,3
Golden Tee Unplugged 2018,ed20910,ed20910,Alpine Run,03-05-2026 01:59:34,58,-14,0,,https://teknoparrot.com/en/Highscore/EntrySpecificGt06?gameId=gt18&entryId=924,3,3,2,3,4,3,3,4,4,3,4,4,3,2,4,4,3,2
Golden Tee Unplugged 2018,ed20910,ed20910,Alpine Run,03-05-2026 01:49:08,64,-8,15519,,https://teknoparrot.com/en/Highscore/EntrySpecificGt06?gameId=gt18&entryId=923,4,2,2,2,5,3,4,4,4,4,4,4,5,3,5,3,3,3
Golden Tee Unplugged 2018,ed20910,ed20910,Mayfield,01-05-2026 00:35:15,58,-14,0,,https://teknoparrot.com/en/Highscore/EntrySpecificGt06?gameId=gt18&entryId=913,2,5,2,2,3,2,5,3,4,2,4,3,3,4,4,3,4,3
Golden Tee Unplugged 2018,ed20910,ed20910,Falcon Sands,01-05-2026 00:23:43,66,-6,32202,,https://teknoparrot.com/en/Highscore/EntrySpecificGt06?gameId=gt18&entryId=912,3,4,2,4,4,4,3,2,3,2,2,4,4,5,5,5,2,8
Golden Tee Unplugged 2018,ed20910,ed20910,Falcon Sands,30-04-2026 22:02:27,60,-12,0,,https://teknoparrot.com/en/Highscore/EntrySpecificGt06?gameId=gt18&entryId=910,3,3,3,4,3,3,3,2,3,3,3,5,5,3,3,6,3,2
Golden Tee Unplugged 2018,ed20910,ed20910,Falcon Sands,25-04-2026 19:28:11,57,-15,0,https://www.youtube.com/watch?v=Yp_ioyA_kDI,https://teknoparrot.com/en/Highscore/EntrySpecificGt06?gameId=gt18&entryId=873,3,2,2,4,4,3,3,2,4,3,4,3,3,4,3,3,3,4
Golden Tee Unplugged 2018,ed20910,ed20910,Falcon Sands,25-04-2026 00:34:43,63,-9,0,,https://teknoparrot.com/en/Highscore/EntrySpecificGt06?gameId=gt18&entryId=867,3,2,3,4,4,3,4,3,4,4,2,6,4,4,4,4,2,3
Golden Tee Unplugged 2018,ed20910,ed20910,Falcon Sands,24-04-2026 23:48:51,64,-8,0,,https://teknoparrot.com/en/Highscore/EntrySpecificGt06?gameId=gt18&entryId=866,3,2,2,4,4,3,3,3,4,4,4,3,4,3,4,6,3,5
Golden Tee Unplugged 2018,ed20910,ed20910,Falcon Sands,24-04-2026 21:54:04,65,-7,0,,https://teknoparrot.com/en/Highscore/EntrySpecificGt06?gameId=gt18&entryId=865,4,2,2,4,6,3,3,2,4,4,3,6,4,4,3,4,3,4
Golden Tee Unplugged 2018,ed20910,ed20910,Woodland Farm,19-04-2026 01:11:03,68,-4,0,,https://teknoparrot.com/en/Highscore/EntrySpecificGt06?gameId=gt18&entryId=807,3,3,2,3,4,4,3,4,3,4,2,5,4,4,4,6,4,6
Golden Tee Unplugged 2018,ed20910,ed20910,Greek Hills,19-04-2026 00:58:50,59,-13,9736,,https://teknoparrot.com/en/Highscore/EntrySpecificGt06?gameId=gt18&entryId=806,3,3,3,4,3,3,2,4,4,3,3,3,4,3,5,3,4,2
Golden Tee Unplugged 2018,ed20910,ed20910,Mayfield,19-04-2026 00:43:35,51,-21,0,,https://teknoparrot.com/en/Highscore/EntrySpecificGt06?gameId=gt18&entryId=805,3,3,2,2,3,2,6,3,3,2,3,3,3,2,3,3,3,2
Golden Tee Unplugged 2018,ed20910,ed20910,Mayfield,19-04-2026 00:33:15,57,-15,0,,https://teknoparrot.com/en/Highscore/EntrySpecificGt06?gameId=gt18&entryId=804,3,3,2,2,3,2,5,4,3,2,6,4,3,3,3,2,4,3
Golden Tee Unplugged 2018,ed20910,ed20910,Mayfield,18-04-2026 06:04:47,62,-10,0,,https://teknoparrot.com/en/Highscore/EntrySpecificGt06?gameId=gt18&entryId=795,2,3,2,4,3,2,4,2,4,2,4,8,3,3,4,5,4,3
Golden Tee Unplugged 2018,ed20910,ed20910,Mayfield,18-04-2026 05:52:15,53,-19,0,https://www.youtube.com/watch?v=RK8yniln2Sc,https://teknoparrot.com/en/Highscore/EntrySpecificGt06?gameId=gt18&entryId=794,3,3,2,3,3,2,3,2,3,3,4,3,4,2,3,4,4,2
Golden Tee Unplugged 2018,ed20910,ed20910,Mayfield,17-04-2026 21:29:58,60,-12,0,,https://teknoparrot.com/en/Highscore/EntrySpecificGt06?gameId=gt18&entryId=786,2,4,2,2,3,2,5,5,4,3,3,4,4,2,6,3,3,3
Golden Tee Unplugged 2018,ed20910,ed20910,Desert Valley Resort,17-04-2026 05:03:00,60,-12,20022,https://www.youtube.com/watch?v=lVszOqMiUn4,https://teknoparrot.com/en/Highscore/EntrySpecificGt06?gameId=gt18&entryId=780,3,4,1,5,3,2,5,2,3,5,4,2,6,4,2,4,4,1
Golden Tee Unplugged 2018,ed20910,ed20910,Pearl Lagoon,17-04-2026 04:50:49,56,-16,0,https://www.youtube.com/watch?v=yXCSKxURrsc,https://teknoparrot.com/en/Highscore/EntrySpecificGt06?gameId=gt18&entryId=779,3,2,2,3,2,2,5,2,3,3,5,2,5,3,2,2,5,5
Golden Tee Unplugged 2018,ed20910,ed20910,Grand Canyon,17-04-2026 04:38:19,69,-3,0,,https://teknoparrot.com/en/Highscore/EntrySpecificGt06?gameId=gt18&entryId=778,3,3,2,3,2,4,4,5,4,4,2,4,3,8,5,6,2,5
Golden Tee Unplugged 2018,ed20910,ed20910,Safari Dunes,17-04-2026 03:51:09,52,-19,3967,https://www.youtube.com/watch?v=NzWRiJHRuHQ,https://teknoparrot.com/en/Highscore/EntrySpecificGt06?gameId=gt18&entryId=776,3,3,2,2,3,2,4,3,2,3,2,3,4,2,4,4,2,4
Golden Tee Unplugged 2018,ed20910,ed20910,Safari Dunes,17-04-2026 03:41:01,52,-19,0,https://www.youtube.com/watch?v=NzWRiJHRuHQ,https://teknoparrot.com/en/Highscore/EntrySpecificGt06?gameId=gt18&entryId=774,3,4,2,2,4,2,3,5,3,3,2,2,2,2,4,2,3,4
Golden Tee Unplugged 2018,ed20910,ed20910,Safari Dunes,17-04-2026 03:31:06,61,-10,5319,,https://teknoparrot.com/en/Highscore/EntrySpecificGt06?gameId=gt18&entryId=773,3,3,2,3,3,2,4,4,2,3,3,2,4,2,8,6,3,4
Golden Tee Unplugged 2018,ed20910,ed20910,Safari Dunes,16-04-2026 21:59:38,53,-17,4854,https://www.youtube.com/watch?v=Y1z97btIxL8,https://teknoparrot.com/en/Highscore/EntrySpecificGt06?gameId=gt18&entryId=770,1,3,2,3,4,2,4,3,2,3,2,3,4,3,6,3,2,3
Golden Tee Unplugged 2018,ed20910,ed20910,Safari Dunes,16-04-2026 21:32:37,51,-20,0,https://www.youtube.com/watch?v=KP0W23Qs85o,https://teknoparrot.com/en/Highscore/EntrySpecificGt06?gameId=gt18&entryId=769,3,3,2,2,5,2,5,4,3,2,3,3,2,2,3,2,2,3
Golden Tee Unplugged 2018,ed20910,ed20910,Safari Dunes,15-04-2026 21:28:28,65,-6,0,,https://teknoparrot.com/en/Highscore/EntrySpecificGt06?gameId=gt18&entryId=765,3,4,3,3,5,2,4,4,3,4,2,4,4,2,6,3,3,6
Golden Tee Unplugged 2018,ed20910,ed20910,Bayou Bay,14-04-2026 03:25:58,64,-9,3679,,https://teknoparrot.com/en/Highscore/EntrySpecificGt06?gameId=gt18&entryId=758,3,3,2,6,5,3,2,3,3,4,3,4,4,3,4,5,3,4
Golden Tee Unplugged 2018,ed20910,ed20910,Safari Dunes,14-04-2026 03:09:57,61,-10,0,,https://teknoparrot.com/en/Highscore/EntrySpecificGt06?gameId=gt18&entryId=757,3,3,2,3,4,3,3,3,3,4,2,3,4,2,6,4,3,6
Golden Tee Unplugged 2018,ed20910,ed20910,Safari Dunes,14-04-2026 02:56:27,63,-8,0,,https://teknoparrot.com/en/Highscore/EntrySpecificGt06?gameId=gt18&entryId=756,4,4,3,3,4,3,3,3,2,2,2,3,8,3,5,3,5,3
Golden Tee Unplugged 2018,ed20910,ed20910,Safari Dunes,14-04-2026 02:40:21,62,-9,0,,https://teknoparrot.com/en/Highscore/EntrySpecificGt06?gameId=gt18&entryId=755,3,5,2,2,4,3,3,5,2,3,4,5,3,3,6,5,2,2
Golden Tee Unplugged 2018,ed20910,ed20910,Safari Dunes,14-04-2026 02:27:56,63,-8,5799,,https://teknoparrot.com/en/Highscore/EntrySpecificGt06?gameId=gt18&entryId=754,3,3,3,2,4,2,4,4,2,4,3,3,4,4,6,4,4,4
Golden Tee Unplugged 2018,ed20910,ed20910,Safari Dunes,11-04-2026 23:36:44,57,-14,20315,https://www.youtube.com/watch?v=lxmtFKb_ECo,https://teknoparrot.com/en/Highscore/EntrySpecificGt06?gameId=gt18&entryId=748,3,4,2,4,4,2,4,3,2,2,3,4,4,2,6,4,1,3
Golden Tee Unplugged 2018,ed20910,ed20910,Safari Dunes,11-04-2026 23:06:10,59,-12,0,,https://teknoparrot.com/en/Highscore/EntrySpecificGt06?gameId=gt18&entryId=747,4,3,3,3,3,2,3,5,3,3,3,3,4,3,5,3,2,4
Golden Tee Unplugged 2018,ed20910,ed20910,Safari Dunes,10-04-2026 19:42:25,60,-11,5369,,https://teknoparrot.com/en/Highscore/EntrySpecificGt06?gameId=gt18&entryId=738,4,4,2,3,3,2,4,3,3,3,4,3,3,3,8,3,3,2
Golden Tee Unplugged 2018,ed20910,ed20910,Ruby Rock,09-04-2026 06:10:38,60,-12,0,,https://teknoparrot.com/en/Highscore/EntrySpecificGt06?gameId=gt18&entryId=733,3,3,2,3,2,3,3,2,5,3,4,4,5,3,3,3,7,2
Golden Tee Unplugged 2018,ed20910,ed20910,Ruby Rock,09-04-2026 05:08:44,56,-16,0,https://www.youtube.com/watch?v=rlnk5VneqjQ,https://teknoparrot.com/en/Highscore/EntrySpecificGt06?gameId=gt18&entryId=731,3,2,2,4,2,3,5,3,4,3,3,3,4,3,3,4,2,3
Golden Tee Unplugged 2018,ed20910,ed20910,Ruby Rock,09-04-2026 04:58:15,63,-9,7682,https://www.youtube.com/watch?v=iQWOIMonT0A,https://teknoparrot.com/en/Highscore/EntrySpecificGt06?gameId=gt18&entryId=730,3,3,2,4,5,2,4,4,5,2,4,4,5,2,3,4,5,2
Golden Tee Unplugged 2018,ed20910,ed20910,Ruby Rock,09-04-2026 04:46:37,57,-15,0,,https://teknoparrot.com/en/Highscore/EntrySpecificGt06?gameId=gt18&entryId=729,3,3,2,4,2,2,3,2,4,2,3,4,5,3,4,3,3,5
Golden Tee Unplugged 2018,ed20910,ed20910,Ruby Rock,09-04-2026 04:35:57,58,-14,3683,,https://teknoparrot.com/en/Highscore/EntrySpecificGt06?gameId=gt18&entryId=728,3,3,2,4,2,2,3,2,4,2,3,4,4,3,6,4,3,4
Golden Tee Unplugged 2018,ed20910,ed20910,Ruby Rock,06-04-2026 05:54:44,59,-13,23083,https://www.youtube.com/watch?v=hMw_2Qm4rSk,https://teknoparrot.com/en/Highscore/EntrySpecificGt06?gameId=gt18&entryId=704,3,3,3,3,2,2,3,3,4,3,3,4,5,4,5,3,2,4
Golden Tee Unplugged 2018,ed20910,ed20910,Ruby Rock,06-04-2026 05:41:43,66,-6,0,https://www.youtube.com/watch?v=fOt2IcfPvAU,https://teknoparrot.com/en/Highscore/EntrySpecificGt06?gameId=gt18&entryId=703,3,4,2,4,3,3,5,2,5,4,4,4,4,4,5,3,3,4
Golden Tee Unplugged 2018,ed20910,ed20910,Ruby Rock,06-04-2026 05:28:20,60,-12,0,https://www.youtube.com/watch?v=vU3PhqlERfs,https://teknoparrot.com/en/Highscore/EntrySpecificGt06?gameId=gt18&entryId=702,3,3,2,4,2,2,4,4,4,2,3,4,3,3,4,4,4,5
Golden Tee Unplugged 2018,ed20910,ed20910,Sequoia Grove,03-04-2026 21:53:31,62,-10,0,,https://teknoparrot.com/en/Highscore/EntrySpecificGt06?gameId=gt18&entryId=683,3,3,2,3,3,2,3,3,4,4,2,5,4,5,3,3,5,5
Golden Tee Unplugged 2018,ed20910,ed20910,Sparkling Waters,03-04-2026 19:39:43,61,-11,0,,https://teknoparrot.com/en/Highscore/EntrySpecificGt06?gameId=gt18&entryId=681,3,4,3,5,3,3,2,3,4,2,3,4,3,2,4,2,6,5
Golden Tee Unplugged 2018,ed20910,ed20910,Sparkling Waters,02-04-2026 19:30:53,59,-13,0,,https://teknoparrot.com/en/Highscore/EntrySpecificGt06?gameId=gt18&entryId=669,3,3,3,4,3,4,3,3,6,2,3,3,3,3,4,3,4,2
Golden Tee Unplugged 2018,ed20910,ed20910,Sparkling Waters,01-04-2026 22:16:23,62,-10,0,,https://teknoparrot.com/en/Highscore/EntrySpecificGt06?gameId=gt18&entryId=662,4,3,2,4,2,4,2,2,4,3,4,3,3,3,4,4,7,4
Golden Tee Unplugged 2018,ed20910,ed20910,Sparkling Waters,01-04-2026 22:03:30,63,-10,0,,https://teknoparrot.com/en/Highscore/EntrySpecificGt06?gameId=gt18&entryId=661,2,4,3,4,5,4,3,2,4,2,3,4,3,5,5,3,4,3
Golden Tee Unplugged 2018,ed20910,ed20910,Sparkling Waters,01-04-2026 04:52:33,55,-17,0,,https://teknoparrot.com/en/Highscore/EntrySpecificGt06?gameId=gt18&entryId=657,3,3,2,5,2,4,2,4,3,2,3,4,2,4,4,2,4,2
Golden Tee Unplugged 2018,ed20910,ed20910,Sparkling Waters,31-03-2026 19:38:55,56,-16,0,https://www.youtube.com/watch?v=kM80-LPEnME,https://teknoparrot.com/en/Highscore/EntrySpecificGt06?gameId=gt18&entryId=650,4,2,2,4,2,4,2,3,5,3,3,3,2,3,5,2,4,3
Golden Tee Unplugged 2018,ed20910,ed20910,Royal Dubai,26-03-2026 04:48:31,65,-7,0,https://www.youtube.com/watch?v=-HBICaEruNw,https://teknoparrot.com/en/Highscore/EntrySpecificGt06?gameId=gt18&entryId=613,3,5,3,2,5,4,3,2,5,5,3,4,4,4,3,3,5,2
Golden Tee Unplugged 2018,ed20910,ed20910,Royal Dubai,22-03-2026 20:52:49,66,-6,9221,,https://teknoparrot.com/en/Highscore/EntrySpecificGt06?gameId=gt18&entryId=571,3,3,3,1,3,3,4,3,4,5,2,5,4,3,4,6,6,4
Golden Tee Unplugged 2018,ed20910,ed20910,Rhineland,14-03-2026 02:47:56,61,-11,0,https://www.youtube.com/watch?v=eG9RKiuI4vQ,https://teknoparrot.com/en/Highscore/EntrySpecificGt06?gameId=gt18&entryId=519,3,3,4,2,3,3,3,4,4,2,4,6,2,3,4,4,3,4
Golden Tee Unplugged 2018,ed20910,ed20910,Safari Dunes,08-03-2026 17:36:49,58,-13,0,,https://teknoparrot.com/en/Highscore/EntrySpecificGt06?gameId=gt18&entryId=448,4,4,2,3,4,2,3,3,3,4,2,4,4,2,3,4,3,4
Golden Tee Unplugged 2018,ed20910,ed20910,Safari Dunes,08-03-2026 17:25:15,55,-16,0,,https://teknoparrot.com/en/Highscore/EntrySpecificGt06?gameId=gt18&entryId=447,3,4,2,3,6,2,3,3,2,3,2,3,4,2,5,2,2,4
Golden Tee Unplugged 2018,ed20910,ed20910,Safari Dunes,07-03-2026 06:03:20,57,-14,3293,https://www.youtube.com/watch?v=rg8YcAf34-o,https://teknoparrot.com/en/Highscore/EntrySpecificGt06?gameId=gt18&entryId=428,3,4,2,3,4,3,3,5,2,4,2,3,4,2,5,3,3,2
Golden Tee Unplugged 2018,ed20910,ed20910,Safari Dunes,07-03-2026 05:51:58,60,-11,0,https://www.youtube.com/watch?v=Gn7wTUWT3cg,https://teknoparrot.com/en/Highscore/EntrySpecificGt06?gameId=gt18&entryId=426,3,4,2,3,4,2,4,4,2,3,3,3,4,2,6,4,2,5
Golden Tee Unplugged 2018,ed20910,ed20910,Safari Dunes,07-03-2026 05:39:53,55,-16,0,https://www.youtube.com/watch?v=DIRkDM_6lQQ,https://teknoparrot.com/en/Highscore/EntrySpecificGt06?gameId=gt18&entryId=425,3,4,2,2,4,2,3,3,2,4,3,4,2,3,5,3,2,4
Golden Tee Unplugged 2018,ed20910,ed20910,Safari Dunes,07-03-2026 05:25:41,65,-6,0,,https://teknoparrot.com/en/Highscore/EntrySpecificGt06?gameId=gt18&entryId=424,3,4,4,2,3,3,5,4,2,3,3,3,3,2,7,3,4,7
Golden Tee Unplugged 2018,ed20910,ed20910,Teal Gardens,06-03-2026 06:53:18,62,-11,0,,https://teknoparrot.com/en/Highscore/EntrySpecificGt06?gameId=gt18&entryId=400,3,3,3,2,3,3,3,6,3,4,4,3,2,4,8,2,4,2
Golden Tee Unplugged 2018,ed20910,ed20910,Teal Gardens,06-03-2026 06:25:30,64,-9,6128,,https://teknoparrot.com/en/Highscore/EntrySpecificGt06?gameId=gt18&entryId=399,3,3,3,2,4,4,2,6,3,4,4,3,4,3,4,3,6,3
Golden Tee Unplugged 2018,ed20910,ed20910,Teal Gardens,06-03-2026 06:08:26,61,-12,0,,https://teknoparrot.com/en/Highscore/EntrySpecificGt06?gameId=gt18&entryId=398,3,3,3,2,4,2,4,4,2,3,3,5,4,3,5,4,3,4
Golden Tee Unplugged 2018,ed20910,ed20910,Teal Gardens,01-03-2026 19:34:26,55,-18,8541,,https://teknoparrot.com/en/Highscore/EntrySpecificGt06?gameId=gt18&entryId=346,3,3,2,2,6,2,2,3,3,3,2,3,3,3,5,3,5,2
Golden Tee Unplugged 2018,ed20910,ed20910,Teal Gardens,01-03-2026 19:06:50,58,-15,0,,https://teknoparrot.com/en/Highscore/EntrySpecificGt06?gameId=gt18&entryId=345,3,3,3,2,4,3,4,3,3,3,4,3,3,5,5,3,2,2
Golden Tee Unplugged 2018,ed20910,ed20910,Teal Gardens,01-03-2026 18:53:43,55,-18,8048,,https://teknoparrot.com/en/Highscore/EntrySpecificGt06?gameId=gt18&entryId=344,3,4,3,2,4,2,2,3,2,4,2,4,3,4,3,3,4,3
Golden Tee Unplugged 2018,ed20910,ed20910,Teal Gardens,01-03-2026 18:41:18,61,-12,0,,https://teknoparrot.com/en/Highscore/EntrySpecificGt06?gameId=gt18&entryId=343,4,4,3,3,5,2,3,4,3,5,2,4,2,3,3,3,4,4
Golden Tee Unplugged 2018,ed20910,ed20910,Teal Gardens,01-03-2026 06:47:59,57,-16,19925,,https://teknoparrot.com/en/Highscore/EntrySpecificGt06?gameId=gt18&entryId=341,3,3,3,2,4,3,2,3,4,3,3,4,1,4,5,3,5,2
Golden Tee Unplugged 2018,ed20910,ed20910,Teal Gardens,01-03-2026 06:25:34,65,-8,10462,,https://teknoparrot.com/en/Highscore/EntrySpecificGt06?gameId=gt18&entryId=339,3,4,3,2,4,3,3,5,4,6,4,3,2,3,6,3,3,4
Golden Tee Unplugged 2018,ed20910,ed20910,Calypso Key,21-02-2026 21:38:14,54,-19,22500,https://www.youtube.com/watch?v=jkKFPOP-0N0,https://teknoparrot.com/en/Highscore/EntrySpecificGt06?gameId=gt18&entryId=250,3,3,2,4,3,2,3,2,2,4,4,4,2,5,3,2,3,3
Golden Tee Unplugged 2018,ed20910,ed20910,Royal Dubai,18-02-2026 22:12:41,55,-17,13613,https://www.youtube.com/watch?v=XA2MiqL4c8c,https://teknoparrot.com/en/Highscore/EntrySpecificGt06?gameId=gt18&entryId=223,3,3,3,2,3,3,2,3,3,2,2,6,4,2,3,4,2,5
Golden Tee Unplugged 2018,ed20910,ed20910,Royal Dubai,15-02-2026 03:46:19,54,-18,0,https://www.youtube.com/watch?v=k5Ydn8sSTtI,https://teknoparrot.com/en/Highscore/EntrySpecificGt06?gameId=gt18&entryId=178,3,3,3,2,4,3,3,2,3,4,2,4,4,2,4,2,3,3
Golden Tee Unplugged 2018,ed20910,ed20910,Royal Dubai,15-02-2026 03:15:39,59,-13,0,https://www.youtube.com/watch?v=t9BVP1LPJMk,https://teknoparrot.com/en/Highscore/EntrySpecificGt06?gameId=gt18&entryId=177,3,3,4,2,3,3,2,4,5,5,2,2,3,3,4,3,3,5
Golden Tee Unplugged 2018,ed20910,ed20910,Royal Dubai,15-02-2026 02:57:40,60,-12,0,https://www.youtube.com/watch?v=HBfxduU4QJk,https://teknoparrot.com/en/Highscore/EntrySpecificGt06?gameId=gt18&entryId=176,3,4,3,2,6,2,2,3,5,4,2,2,5,2,3,5,2,5
Golden Tee Unplugged 2018,ed20910,ed20910,Royal Dubai,14-02-2026 22:55:25,69,-3,12823,https://www.youtube.com/watch?v=OavJhlaCl08,https://teknoparrot.com/en/Highscore/EntrySpecificGt06?gameId=gt18&entryId=174,3,3,5,1,4,4,6,4,3,5,3,4,6,3,4,3,4,4
Golden Tee Unplugged 2018,ed20910,ed20910,Royal Dubai,14-02-2026 22:40:14,64,-8,0,https://www.youtube.com/watch?v=jYq19G1-lEQ,https://teknoparrot.com/en/Highscore/EntrySpecificGt06?gameId=gt18&entryId=172,3,3,4,3,4,3,2,3,3,3,4,3,4,3,3,4,6,6
Golden Tee Unplugged 2018,ed20910,ed20910,Royal Dubai,14-02-2026 21:54:50,65,-7,8725,https://www.youtube.com/watch?v=jYq19G1-lEQ,https://teknoparrot.com/en/Highscore/EntrySpecificGt06?gameId=gt18&entryId=171,3,5,4,1,4,3,3,3,5,3,3,2,6,3,5,5,5,2
Golden Tee Unplugged 2018,ed20910,ed20910,Safari Dunes,14-02-2026 21:35:16,61,-9,0,https://www.youtube.com/watch?v=bfyRzklP5mg,https://teknoparrot.com/en/Highscore/EntrySpecificGt06?gameId=gt18&entryId=170,2,4,3,3,5,3,4,5,6,3,2,3,4,2,4,3,2,3
Golden Tee Unplugged 2018,ed20910,ed20910,Safari Dunes,14-02-2026 16:07:25,64,-7,3041,,https://teknoparrot.com/en/Highscore/EntrySpecificGt06?gameId=gt18&entryId=163,3,5,4,4,4,2,5,4,3,3,3,4,5,2,5,4,2,2
Golden Tee Unplugged 2018,ed20910,ed20910,Royal Dubai,13-02-2026 21:49:56,65,-7,0,https://www.youtube.com/watch?v=NIaEzwhCyJA,https://teknoparrot.com/en/Highscore/EntrySpecificGt06?gameId=gt18&entryId=151,3,5,3,2,4,4,2,4,3,4,2,5,3,4,4,4,7,2
Golden Tee Unplugged 2018,ed20910,ed20910,Safari Dunes,12-02-2026 05:35:18,57,-14,0,https://www.youtube.com/watch?v=T6-HAcWw8YA,https://teknoparrot.com/en/Highscore/EntrySpecificGt06?gameId=gt18&entryId=134,3,4,2,3,4,3,4,4,3,2,3,3,4,2,5,3,2,3
Golden Tee Unplugged 2018,ed20910,ed20910,Safari Dunes,12-02-2026 05:18:46,57,-14,0,https://www.youtube.com/watch?v=CDJnTuSDBjw,https://teknoparrot.com/en/Highscore/EntrySpecificGt06?gameId=gt18&entryId=133,3,3,3,2,4,2,4,4,5,3,3,2,2,3,6,2,2,4
Golden Tee Unplugged 2018,ed20910,ed20910,Safari Dunes,12-02-2026 04:57:56,52,-19,27277,https://www.youtube.com/watch?v=BMavDfHIqQY,https://teknoparrot.com/en/Highscore/EntrySpecificGt06?gameId=gt18&entryId=132,3,4,2,2,4,2,4,4,3,2,2,3,3,4,2,3,2,3
Golden Tee Unplugged 2018,ed20910,ed20910,Safari Dunes,12-02-2026 04:22:21,51,-20,18348,https://www.youtube.com/watch?v=wmRoiN7w-R8,https://teknoparrot.com/en/Highscore/EntrySpecificGt06?gameId=gt18&entryId=131,3,4,2,2,3,2,4,4,2,3,5,2,2,3,4,2,2,2
Golden Tee Unplugged 2018,ed20910,ed20910,Grizzly Flats,09-02-2026 22:10:33,64,-8,0,https://www.youtube.com/watch?v=nwyIwqYisPs,https://teknoparrot.com/en/Highscore/EntrySpecificGt06?gameId=gt18&entryId=113,4,4,2,4,4,2,3,5,5,4,4,3,2,4,3,3,3,5
Golden Tee Unplugged 2018,ed20910,ed20910,Mayfield,06-02-2026 06:54:25,67,-5,0,,https://teknoparrot.com/en/Highscore/EntrySpecificGt06?gameId=gt18&entryId=21,3,7,2,3,4,2,4,3,4,3,3,4,6,3,5,4,4,3
Golden Tee Unplugged 2018,ed20910,ed20910,Coconut Beach,06-02-2026 01:56:43,68,-4,17506,,https://teknoparrot.com/en/Highscore/EntrySpecificGt06?gameId=gt18&entryId=4,3,4,3,2,3,6,3,2,5,4,4,1,5,4,7,3,3,6
Golden Tee Unplugged 2019,ed20910,ed20910,Sparkling Waters,09-07-2026 00:58:13,56,-16,4490,,https://teknoparrot.com/en/Highscore/EntrySpecificGt06?gameId=gt19&entryId=616,3,3,2,5,2,3,2,3,5,2,2,3,2,2,7,2,5,3
Golden Tee Unplugged 2019,ed20910,ed20910,Sparkling Waters,09-07-2026 00:37:22,55,-17,0,,https://teknoparrot.com/en/Highscore/EntrySpecificGt06?gameId=gt19&entryId=615,3,2,2,5,3,4,2,4,5,2,3,3,3,2,5,2,4,1
Golden Tee Unplugged 2019,ed20910,ed20910,Sparkling Waters,09-07-2026 00:23:13,48,-24,0,,https://teknoparrot.com/en/Highscore/EntrySpecificGt06?gameId=gt19&entryId=614,3,2,3,3,2,3,2,2,3,2,3,3,2,2,3,3,4,3
Golden Tee Unplugged 2019,ed20910,ed20910,Sparkling Waters,09-07-2026 00:02:59,51,-21,0,,https://teknoparrot.com/en/Highscore/EntrySpecificGt06?gameId=gt19&entryId=613,3,2,2,4,2,2,2,2,4,3,4,3,2,3,4,2,4,3
Golden Tee Unplugged 2019,ed20910,ed20910,Sparkling Waters,08-07-2026 23:53:45,54,-18,0,,https://teknoparrot.com/en/Highscore/EntrySpecificGt06?gameId=gt19&entryId=612,4,1,3,4,3,5,2,2,5,2,4,4,2,2,3,2,4,2
Golden Tee Unplugged 2019,ed20910,ed20910,Sparkling Waters,08-07-2026 23:43:38,61,-11,8745,,https://teknoparrot.com/en/Highscore/EntrySpecificGt06?gameId=gt19&entryId=611,3,2,2,4,5,4,2,4,5,2,4,3,2,3,4,3,7,2
Golden Tee Unplugged 2019,ed20910,ed20910,Sparkling Waters,04-07-2026 03:58:01,53,-19,0,,https://teknoparrot.com/en/Highscore/EntrySpecificGt06?gameId=gt19&entryId=567,4,2,2,5,2,3,2,2,5,2,3,4,2,2,5,2,4,2
Golden Tee Unplugged 2019,ed20910,ed20910,Safari Dunes,04-07-2026 02:16:35,53,-18,0,,https://teknoparrot.com/en/Highscore/EntrySpecificGt06?gameId=gt19&entryId=566,4,4,2,2,3,2,4,3,2,3,3,3,4,2,4,3,2,3
Golden Tee Unplugged 2019,ed20910,ed20910,Sparkling Waters,03-07-2026 22:52:13,58,-15,0,,https://teknoparrot.com/en/Highscore/EntrySpecificGt06?gameId=gt19&entryId=563,6,2,3,4,2,3,2,2,4,2,3,3,4,3,3,3,6,3
Golden Tee Unplugged 2019,ed20910,ed20910,Sparkling Waters,03-07-2026 22:27:21,67,-6,0,,https://teknoparrot.com/en/Highscore/EntrySpecificGt06?gameId=gt19&entryId=562,6,3,2,5,3,4,3,4,5,2,5,3,2,4,7,2,5,2
Golden Tee Unplugged 2019,ed20910,ed20910,Volcano Palms,27-06-2026 05:25:35,56,-16,0,,https://teknoparrot.com/en/Highscore/EntrySpecificGt06?gameId=gt19&entryId=418,3,2,3,3,2,3,3,2,3,4,3,3,5,3,3,4,3,4
Golden Tee Unplugged 2019,ed20910,ed20910,Volcano Palms,27-06-2026 01:59:25,53,-19,18289,https://www.youtube.com/watch?v=HzaRgrXrSkk,https://teknoparrot.com/en/Highscore/EntrySpecificGt06?gameId=gt19&entryId=415,3,2,3,3,2,2,4,3,2,4,4,2,3,2,3,4,4,3
Golden Tee Unplugged 2019,ed20910,ed20910,Volcano Palms,27-06-2026 01:48:25,59,-13,12028,,https://teknoparrot.com/en/Highscore/EntrySpecificGt06?gameId=gt19&entryId=413,3,2,2,5,4,2,5,2,2,4,3,3,3,4,3,4,4,4
Golden Tee Unplugged 2019,ed20910,ed20910,Volcano Palms,27-06-2026 00:51:25,58,-14,0,,https://teknoparrot.com/en/Highscore/EntrySpecificGt06?gameId=gt19&entryId=409,3,2,3,3,3,2,4,4,2,5,4,4,4,3,3,4,2,3
Golden Tee Unplugged 2019,ed20910,ed20910,Volcano Palms,27-06-2026 00:40:03,57,-15,11492,,https://teknoparrot.com/en/Highscore/EntrySpecificGt06?gameId=gt19&entryId=408,3,2,2,3,2,2,4,2,2,3,4,3,5,5,4,5,2,4
Golden Tee Unplugged 2019,ed20910,ed20910,Volcano Palms,27-06-2026 00:28:30,56,-16,0,,https://teknoparrot.com/en/Highscore/EntrySpecificGt06?gameId=gt19&entryId=407,4,2,3,3,2,2,4,3,2,3,5,4,3,3,3,5,2,3
Golden Tee Unplugged 2019,ed20910,ed20910,Volcano Palms,26-06-2026 23:36:07,58,-14,0,,https://teknoparrot.com/en/Highscore/EntrySpecificGt06?gameId=gt19&entryId=406,3,2,2,3,2,2,4,2,2,4,3,3,6,3,4,7,4,2
Golden Tee Unplugged 2019,ed20910,ed20910,Volcano Palms,26-06-2026 21:43:26,58,-14,0,,https://teknoparrot.com/en/Highscore/EntrySpecificGt06?gameId=gt19&entryId=405,3,2,3,3,4,3,3,2,2,3,3,3,3,3,4,4,4,6
Power Putt Live 2013,ed20910,ed20910,Lost Vegas,09-07-2026 01:42:09,55,+1,78633,,https://teknoparrot.com/en/Highscore/EntrySpecificGt06?gameId=ppl13&entryId=902,3,2,3,2,2,3,2,3,5,2,1,3,2,5,3,2,5,7
Power Putt Live 2013,ed20910,ed20910,Lost Vegas,09-07-2026 01:33:05,45,-9,83130,,https://teknoparrot.com/en/Highscore/EntrySpecificGt06?gameId=ppl13&entryId=901,2,1,3,2,3,3,2,2,2,3,3,3,2,2,4,1,3,4
Power Putt Live 2013,ed20910,ed20910,Lost Vegas,09-07-2026 01:25:04,59,+5,89136,,https://teknoparrot.com/en/Highscore/EntrySpecificGt06?gameId=ppl13&entryId=900,2,1,3,2,2,2,3,1,2,4,2,7,2,3,9,2,5,7
Power Putt Live 2013,ed20910,ed20910,Lost Vegas,09-07-2026 01:12:26,59,+5,71391,,https://teknoparrot.com/en/Highscore/EntrySpecificGt06?gameId=ppl13&entryId=899,2,2,2,3,3,2,3,4,2,4,5,3,2,5,4,5,3,5
Power Putt Live 2013,ed20910,ed20910,Lost Vegas,13-06-2026 21:56:42,56,+2,72670,,https://teknoparrot.com/en/Highscore/EntrySpecificGt06?gameId=ppl13&entryId=834,2,2,2,2,3,2,8,2,3,3,2,4,2,3,3,4,5,4
Power Putt Live 2013,ed20910,ed20910,Lost Vegas,17-11-2025 00:13:23,34,+8,40614,,https://teknoparrot.com/en/Highscore/EntrySpecificGt06?gameId=ppl13&entryId=391,1,3,3,3,4,2,7,4,7,0,0,0,0,0,0,0,0,0
Power Putt Live 2013,ed20910,ed20910,Lost Vegas,17-11-2025 00:04:08,35,+9,49002,,https://teknoparrot.com/en/Highscore/EntrySpecificGt06?gameId=ppl13&entryId=390,3,2,3,3,3,3,9,3,6,0,0,0,0,0,0,0,0,0
Power Putt Live 2013,ed20910,ed20910,Lost Vegas,16-11-2025 23:57:25,31,+5,27706,,https://teknoparrot.com/en/Highscore/EntrySpecificGt06?gameId=ppl13&entryId=389,3,2,2,3,4,2,4,3,8,0,0,0,0,0,0,0,0,0
Power Putt Live 2013,ed20910,ed20910,Lost Vegas,16-11-2025 23:46:20,23,-3,39388,,https://teknoparrot.com/en/Highscore/EntrySpecificGt06?gameId=ppl13&entryId=388,2,2,2,2,2,3,2,3,5,0,0,0,0,0,0,0,0,0
Power Putt Live 2013,ed20910,ed20910,Lost Vegas,16-11-2025 23:38:41,34,+8,33579,,https://teknoparrot.com/en/Highscore/EntrySpecificGt06?gameId=ppl13&entryId=387,3,3,2,3,4,3,8,3,5,0,0,0,0,0,0,0,0,0
Power Putt Live 2013,ed20910,ed20910,Lost Vegas,12-11-2025 00:29:14,20,-6,37914,https://www.youtube.com/watch?v=hUfhkkfDPH4,https://teknoparrot.com/en/Highscore/EntrySpecificGt06?gameId=ppl13&entryId=385,2,2,2,2,2,2,3,2,3,0,0,0,0,0,0,0,0,0
Power Putt Live 2013,ed20910,ed20910,Lost Vegas,12-11-2025 00:16:06,22,-4,34447,,https://teknoparrot.com/en/Highscore/EntrySpecificGt06?gameId=ppl13&entryId=384,2,1,3,2,2,2,3,4,3,0,0,0,0,0,0,0,0,0
Power Putt Live 2013,ed20910,ed20910,Lost Vegas,05-11-2025 05:43:45,23,-3,38410,,https://teknoparrot.com/en/Highscore/EntrySpecificGt06?gameId=ppl13&entryId=374,2,3,3,2,1,2,5,2,3,0,0,0,0,0,0,0,0,0
Power Putt Live 2013,ed20910,ed20910,Roadside 66,03-07-2025 04:47:25,40,-17,104181,,https://teknoparrot.com/en/Highscore/EntrySpecificGt06?gameId=ppl13&entryId=286,1,2,2,1,4,1,2,2,2,3,4,2,3,2,2,2,3,2
Power Putt Live 2013,ed20910,ed20910,Lost Vegas,03-07-2025 04:40:11,59,+5,67191,,https://teknoparrot.com/en/Highscore/EntrySpecificGt06?gameId=ppl13&entryId=285,2,4,2,2,2,4,2,3,5,3,2,3,4,1,5,5,5,5
Power Putt Live 2013,ed20910,ed20910,Lost Vegas,02-07-2025 04:48:14,65,+11,74967,,https://teknoparrot.com/en/Highscore/EntrySpecificGt06?gameId=ppl13&entryId=284,1,2,2,2,2,2,2,4,5,8,7,3,2,6,9,3,2,3
Power Putt Live 2013,ed20910,ed20910,Safari River,02-07-2025 04:39:09,49,-8,87904,,https://teknoparrot.com/en/Highscore/EntrySpecificGt06?gameId=ppl13&entryId=283,1,2,3,2,1,3,3,3,2,3,4,3,4,2,4,3,2,4
Power Putt Live 2013,ed20910,ed20910,Safari River,02-07-2025 04:31:02,60,+3,67280,,https://teknoparrot.com/en/Highscore/EntrySpecificGt06?gameId=ppl13&entryId=282,2,2,4,3,3,4,3,3,2,4,4,5,4,3,2,6,3,3
Power Putt Live 2013,ed20910,ed20910,Safari River,01-07-2025 07:04:51,56,-1,49381,,https://teknoparrot.com/en/Highscore/EntrySpecificGt06?gameId=ppl13&entryId=281,2,2,4,3,3,2,4,2,2,3,4,3,4,4,3,5,3,3
Power Putt Live 2013,ed20910,ed20910,The Freaky Tiki,01-07-2025 06:56:02,54,-3,76293,,https://teknoparrot.com/en/Highscore/EntrySpecificGt06?gameId=ppl13&entryId=280,1,2,4,3,4,2,6,2,4,2,6,2,3,2,3,2,3,3
Power Putt Live 2013,ed20910,ed20910,Lost Vegas,01-07-2025 06:46:21,68,+14,85500,,https://teknoparrot.com/en/Highscore/EntrySpecificGt06?gameId=ppl13&entryId=279,1,2,2,2,3,3,3,3,9,4,9,4,3,5,3,2,3,7
Power Putt Live 2013,ed20910,ed20910,Lost Vegas,01-07-2025 06:35:44,45,-9,87100,,https://teknoparrot.com/en/Highscore/EntrySpecificGt06?gameId=ppl13&entryId=278,2,2,2,2,3,2,2,2,3,2,3,1,2,2,7,3,3,2
Power Putt Live 2013,ed20910,ed20910,Lost Vegas,01-07-2025 06:27:40,50,-4,79424,,https://teknoparrot.com/en/Highscore/EntrySpecificGt06?gameId=ppl13&entryId=277,2,2,3,2,2,2,3,2,3,2,1,3,2,5,3,3,5,5
Power Putt Live 2013,ed20910,ed20910,Lost Vegas,01-07-2025 06:19:14,64,+10,93974,,https://teknoparrot.com/en/Highscore/EntrySpecificGt06?gameId=ppl13&entryId=276,1,1,2,2,2,2,2,2,9,9,1,3,2,2,6,1,10,7
Power Putt Live 2013,ed20910,ed20910,Lost Vegas,01-07-2025 06:08:17,51,-3,88705,,https://teknoparrot.com/en/Highscore/EntrySpecificGt06?gameId=ppl13&entryId=275,1,2,2,2,2,3,3,4,2,3,2,1,2,4,3,3,3,9
Power Putt Live 2013,ed20910,ed20910,Miner 49'er,01-07-2025 05:53:13,41,-17,85938,,https://teknoparrot.com/en/Highscore/EntrySpecificGt06?gameId=ppl13&entryId=273,2,2,2,2,2,3,2,2,2,2,3,2,4,2,2,3,2,2
Power Putt Live 2013,ed20910,ed20910,Miner 49'er,01-07-2025 05:45:02,54,-4,84354,,https://teknoparrot.com/en/Highscore/EntrySpecificGt06?gameId=ppl13&entryId=272,2,3,2,1,4,2,3,3,2,2,4,2,4,4,6,4,2,4
Power Putt Live 2013,ed20910,ed20910,Roadside 66,01-07-2025 05:34:28,50,-7,93784,,https://teknoparrot.com/en/Highscore/EntrySpecificGt06?gameId=ppl13&entryId=271,2,2,2,3,2,4,4,2,2,3,2,5,2,3,2,3,4,3
Power Putt Live 2013,ed20910,ed20910,Camelot,01-07-2025 05:24:09,56,-1,98282,,https://teknoparrot.com/en/Highscore/EntrySpecificGt06?gameId=ppl13&entryId=270,3,3,3,3,4,2,4,2,6,2,4,3,3,2,4,3,2,3
Power Putt Live 2013,ed20910,ed20910,The Freaky Tiki,01-07-2025 05:12:32,45,-12,118742,,https://teknoparrot.com/en/Highscore/EntrySpecificGt06?gameId=ppl13&entryId=269,2,1,2,3,3,1,5,1,4,1,1,2,2,5,3,2,3,4
Power Putt Live 2013,ed20910,ed20910,The Freaky Tiki,01-07-2025 05:01:03,52,-5,92317,,https://teknoparrot.com/en/Highscore/EntrySpecificGt06?gameId=ppl13&entryId=268,2,2,2,2,4,2,2,1,4,3,3,2,4,4,3,6,3,3
Power Putt Live 2013,ed20910,ed20910,Lost Vegas,26-06-2025 22:41:04,22,-4,30450,,https://teknoparrot.com/en/Highscore/EntrySpecificGt06?gameId=ppl13&entryId=264,2,2,2,3,3,2,2,2,4,0,0,0,0,0,0,0,0,0
Golden Tee Live 2006,Paladin242,Paladin242,Coral Vista,17-11-2025 04:35:02,108,+36,7928,https://www.youtube.com/watch?v=omq8bfMBGmg,https://teknoparrot.com/en/Highscore/EntrySpecificGt06?gameId=gt06&entryId=469,5,4,4,6,8,6,4,9,7,4,8,6,3,8,5,6,7,8
Golden Tee Unplugged 2016,Paladin242,Paladin242,Grizzly Flats,07-02-2026 07:25:19,69,-3,5324,https://www.youtube.com/watch?v=pHz1yRYFm3E,https://teknoparrot.com/en/Highscore/EntrySpecificGt06?gameId=gt16&entryId=1138,3,3,2,4,4,4,5,5,4,3,3,3,3,5,3,3,4,8
Golden Tee Unplugged 2016,Paladin242,Paladin242,Grizzly Flats,07-02-2026 06:55:28,73,+1,0,,https://teknoparrot.com/en/Highscore/EntrySpecificGt06?gameId=gt16&entryId=1137,4,6,2,4,3,3,3,5,4,4,5,4,3,5,5,4,5,4
Golden Tee Unplugged 2016,Paladin242,Paladin242,Coconut Beach,31-01-2026 07:15:41,67,-5,0,https://www.youtube.com/watch?v=ZFf5nOF3gSg,https://teknoparrot.com/en/Highscore/EntrySpecificGt06?gameId=gt16&entryId=1114,2,4,3,2,4,5,4,2,4,4,5,2,4,4,6,3,5,4
Golden Tee Unplugged 2016,Paladin242,Paladin242,Coconut Beach,31-01-2026 05:38:03,71,-1,0,https://www.youtube.com/watch?v=FjplIbpoFdo,https://teknoparrot.com/en/Highscore/EntrySpecificGt06?gameId=gt16&entryId=1111,3,4,3,2,4,5,4,3,4,4,6,3,5,4,7,2,4,4
Golden Tee Unplugged 2016,Paladin242,Paladin242,Cape Haven,25-01-2026 09:45:17,68,-4,0,,https://teknoparrot.com/en/Highscore/EntrySpecificGt06?gameId=gt16&entryId=1100,3,4,4,4,3,4,4,3,2,4,4,4,3,3,5,6,3,5
Golden Tee Unplugged 2016,Paladin242,Paladin242,Cape Haven,25-01-2026 08:54:37,65,-7,0,https://www.youtube.com/watch?v=TJLxmnCU-AI,https://teknoparrot.com/en/Highscore/EntrySpecificGt06?gameId=gt16&entryId=1099,3,3,3,4,4,3,4,3,3,4,3,4,3,4,4,5,3,5
Golden Tee Unplugged 2016,Paladin242,Paladin242,Cape Haven,24-01-2026 08:55:22,67,-5,5594,https://www.youtube.com/watch?v=J2Z_lm5JH-o,https://teknoparrot.com/en/Highscore/EntrySpecificGt06?gameId=gt16&entryId=1092,3,3,3,4,3,4,4,2,4,7,3,5,3,4,3,4,2,6
Golden Tee Unplugged 2016,Paladin242,Paladin242,Cape Haven,24-01-2026 08:02:03,66,-6,0,https://www.youtube.com/watch?v=eTKVzdICi7Q,https://teknoparrot.com/en/Highscore/EntrySpecificGt06?gameId=gt16&entryId=1091,3,3,2,5,4,5,3,3,3,3,3,5,3,3,3,5,4,6
Golden Tee Unplugged 2016,Paladin242,Paladin242,Cape Haven,24-01-2026 07:48:59,73,+1,12317,https://www.youtube.com/watch?v=8dHESAx1iDk,https://teknoparrot.com/en/Highscore/EntrySpecificGt06?gameId=gt16&entryId=1090,2,4,4,5,8,3,4,3,2,5,3,6,5,5,3,4,3,4
Golden Tee Unplugged 2016,Paladin242,Paladin242,Cape Haven,24-01-2026 03:05:33,67,-5,0,https://www.youtube.com/watch?v=P6KrjyhOkxk,https://teknoparrot.com/en/Highscore/EntrySpecificGt06?gameId=gt16&entryId=1085,3,4,2,5,4,5,4,2,3,5,4,5,4,3,3,4,2,5
Golden Tee Unplugged 2016,Paladin242,Paladin242,Sequoia Grove,23-01-2026 08:57:44,69,-3,6489,https://www.youtube.com/watch?v=_ZjOgUPdueU,https://teknoparrot.com/en/Highscore/EntrySpecificGt06?gameId=gt16&entryId=1082,3,4,2,4,3,2,3,4,3,4,3,4,5,5,4,5,5,6
Golden Tee Unplugged 2016,Paladin242,Paladin242,Sequoia Grove,23-01-2026 08:43:33,70,-2,0,https://www.youtube.com/watch?v=vVhkl1iSKgw,https://teknoparrot.com/en/Highscore/EntrySpecificGt06?gameId=gt16&entryId=1081,3,3,2,3,4,2,5,4,3,4,3,5,4,5,5,4,6,5
Golden Tee Unplugged 2016,Paladin242,Paladin242,Sequoia Grove,23-01-2026 08:28:07,71,-1,0,https://www.youtube.com/watch?v=naLaVMnnG1A,https://teknoparrot.com/en/Highscore/EntrySpecificGt06?gameId=gt16&entryId=1080,3,4,2,3,4,2,4,5,5,5,4,4,5,4,4,4,6,3
Golden Tee Unplugged 2016,Paladin242,Paladin242,Sequoia Grove,23-01-2026 08:13:34,74,+2,0,https://www.youtube.com/watch?v=gt83s-Aa3FY,https://teknoparrot.com/en/Highscore/EntrySpecificGt06?gameId=gt16&entryId=1079,3,4,3,4,5,2,4,5,3,5,3,5,3,5,4,4,7,5
Golden Tee Unplugged 2016,Paladin242,Paladin242,Sequoia Grove,21-01-2026 06:40:44,76,+4,0,https://www.youtube.com/watch?v=AyTL-mRf9Q0,https://teknoparrot.com/en/Highscore/EntrySpecificGt06?gameId=gt16&entryId=1069,4,3,2,4,4,2,3,6,4,4,4,5,5,4,3,6,9,4
Golden Tee Unplugged 2016,Paladin242,Paladin242,Sequoia Grove,20-01-2026 07:27:49,78,+6,0,https://www.youtube.com/watch?v=m5pb_GIi17c,https://teknoparrot.com/en/Highscore/EntrySpecificGt06?gameId=gt16&entryId=1068,3,4,3,3,4,3,4,4,4,6,4,6,5,5,4,4,7,5
Golden Tee Unplugged 2016,Paladin242,Paladin242,Sequoia Grove,20-01-2026 07:12:04,69,-3,0,https://www.youtube.com/watch?v=fC-jZvEZ3gU,https://teknoparrot.com/en/Highscore/EntrySpecificGt06?gameId=gt16&entryId=1067,2,3,2,3,6,2,3,6,4,3,3,5,3,4,4,4,7,5
Golden Tee Unplugged 2016,Paladin242,Paladin242,Sequoia Grove,18-01-2026 09:21:21,75,+3,0,https://www.youtube.com/watch?v=2RMYcQQBolg,https://teknoparrot.com/en/Highscore/EntrySpecificGt06?gameId=gt16&entryId=1061,3,3,3,4,5,3,3,5,4,6,3,5,4,5,3,4,8,4
Golden Tee Unplugged 2016,Paladin242,Paladin242,Sequoia Grove,18-01-2026 09:06:51,70,-2,5570,https://www.youtube.com/watch?v=UcXJ5zFcD6Q,https://teknoparrot.com/en/Highscore/EntrySpecificGt06?gameId=gt16&entryId=1060,3,3,2,3,4,2,3,4,3,5,2,5,3,7,5,5,5,6
Golden Tee Unplugged 2016,Paladin242,Paladin242,Jack Rabbit Junction,14-01-2026 05:03:39,61,-11,0,https://www.youtube.com/watch?v=b1fjGFnXl7k,https://teknoparrot.com/en/Highscore/EntrySpecificGt06?gameId=gt16&entryId=1035,4,3,2,4,3,4,3,4,4,3,3,3,3,4,3,4,3,4
Golden Tee Unplugged 2016,Paladin242,Paladin242,Jack Rabbit Junction,12-01-2026 06:05:40,58,-14,0,https://www.youtube.com/watch?v=n2EhQGkKmvo,https://teknoparrot.com/en/Highscore/EntrySpecificGt06?gameId=gt16&entryId=1028,3,3,2,5,3,3,3,3,4,2,2,3,4,3,3,4,4,4
Golden Tee Unplugged 2016,Paladin242,Paladin242,Jack Rabbit Junction,10-01-2026 07:11:09,68,-5,0,https://www.youtube.com/watch?v=IVkL-XLGgkI,https://teknoparrot.com/en/Highscore/EntrySpecificGt06?gameId=gt16&entryId=1019,3,4,3,5,4,3,2,4,5,5,3,4,2,4,2,5,5,5
Golden Tee Unplugged 2016,Paladin242,Paladin242,Woodland Farm,04-01-2026 09:14:38,79,+7,0,https://www.youtube.com/watch?v=DuYtpQ9ghUo,https://teknoparrot.com/en/Highscore/EntrySpecificGt06?gameId=gt16&entryId=1010,4,4,3,4,4,4,4,4,4,5,3,5,8,4,5,6,4,4
Golden Tee Unplugged 2016,Paladin242,Paladin242,Woodland Farm,04-01-2026 08:21:02,81,+9,0,https://www.youtube.com/watch?v=Z3hS55c9uAI,https://teknoparrot.com/en/Highscore/EntrySpecificGt06?gameId=gt16&entryId=1009,3,4,3,4,5,4,3,5,3,6,4,5,4,5,7,5,3,8
Golden Tee Unplugged 2016,Paladin242,Paladin242,Woodland Farm,03-01-2026 08:08:30,92,+20,0,https://www.youtube.com/watch?v=nrIE61VEC1E,https://teknoparrot.com/en/Highscore/EntrySpecificGt06?gameId=gt16&entryId=1001,4,4,3,5,6,5,4,4,4,6,4,4,6,5,5,8,7,8
Golden Tee Unplugged 2016,Paladin242,Paladin242,Pelican Grove,02-01-2026 07:55:26,76,+4,0,https://www.youtube.com/watch?v=gFIRDxWziHw,https://teknoparrot.com/en/Highscore/EntrySpecificGt06?gameId=gt16&entryId=999,3,3,4,3,5,5,3,3,5,4,4,4,5,5,4,3,5,8
Golden Tee Unplugged 2016,Paladin242,Paladin242,Pelican Grove,02-01-2026 07:41:16,78,+6,0,https://www.youtube.com/watch?v=VD2BTvBZZoI,https://teknoparrot.com/en/Highscore/EntrySpecificGt06?gameId=gt16&entryId=998,3,4,3,3,5,4,4,6,6,4,4,3,5,8,3,4,5,4
Golden Tee Unplugged 2016,Paladin242,Paladin242,Shady Acres,20-12-2025 06:10:46,71,-1,0,https://www.youtube.com/watch?v=SnwjyGd5BGQ,https://teknoparrot.com/en/Highscore/EntrySpecificGt06?gameId=gt16&entryId=982,3,5,3,4,4,4,5,3,4,3,4,4,3,5,5,5,3,4
Golden Tee Unplugged 2016,Paladin242,Paladin242,Turtle Island,13-12-2025 08:12:27,69,-3,0,https://www.youtube.com/watch?v=9OAydu8stv8,https://teknoparrot.com/en/Highscore/EntrySpecificGt06?gameId=gt16&entryId=950,4,4,2,3,4,5,2,4,4,4,6,3,4,4,5,3,4,4
Golden Tee Unplugged 2016,Paladin242,Paladin242,Antelope Pass,11-12-2025 19:28:06,68,-4,0,https://www.youtube.com/watch?v=7l-_j9itqYI,https://teknoparrot.com/en/Highscore/EntrySpecificGt06?gameId=gt16&entryId=937,3,3,3,6,4,4,2,4,2,5,3,4,2,4,6,4,4,5
Golden Tee Unplugged 2016,Paladin242,Paladin242,Antelope Pass,11-12-2025 19:10:39,75,+3,0,,https://teknoparrot.com/en/Highscore/EntrySpecificGt06?gameId=gt16&entryId=936,3,4,4,5,5,5,3,6,2,3,4,5,2,4,6,5,5,4
Golden Tee Unplugged 2016,Paladin242,Paladin242,Volcano Palms,28-11-2025 21:02:01,66,-6,9554,https://www.youtube.com/watch?v=OGoTuSgD7HE,https://teknoparrot.com/en/Highscore/EntrySpecificGt06?gameId=gt16&entryId=739,4,3,3,5,4,2,5,5,2,4,4,3,6,4,4,4,2,2
Golden Tee Unplugged 2016,Paladin242,Paladin242,Volcano Palms,27-11-2025 09:38:28,76,+4,0,,https://teknoparrot.com/en/Highscore/EntrySpecificGt06?gameId=gt16&entryId=725,4,3,3,5,4,3,4,5,3,4,4,4,4,4,5,6,5,6
Golden Tee Unplugged 2016,Paladin242,Paladin242,Volcano Palms,21-11-2025 19:43:45,73,+1,0,https://www.youtube.com/watch?v=jjKsj937XVA,https://teknoparrot.com/en/Highscore/EntrySpecificGt06?gameId=gt16&entryId=631,4,3,3,4,3,3,5,5,2,4,5,4,6,3,5,5,3,6
Golden Tee Unplugged 2016,Paladin242,Paladin242,Jack Rabbit Junction,20-11-2025 19:49:27,72,E,0,https://www.youtube.com/watch?v=NjdfGJ04Pqs,https://teknoparrot.com/en/Highscore/EntrySpecificGt06?gameId=gt16&entryId=607,3,4,4,4,3,3,3,4,4,4,4,5,4,5,3,4,5,6
Golden Tee Unplugged 2016,Paladin242,Paladin242,Cape Haven,18-11-2025 19:58:40,73,+1,0,,https://teknoparrot.com/en/Highscore/EntrySpecificGt06?gameId=gt16&entryId=569,3,4,3,6,4,4,5,3,5,3,4,3,5,4,3,5,5,4
Golden Tee Unplugged 2016,Paladin242,Paladin242,Pearl Lagoon,16-11-2025 07:49:43,71,-1,0,https://www.youtube.com/watch?v=8nD057A2AZY,https://teknoparrot.com/en/Highscore/EntrySpecificGt06?gameId=gt16&entryId=532,3,3,2,5,3,3,6,3,4,4,6,3,6,5,3,3,6,3
Golden Tee Unplugged 2016,Paladin242,Paladin242,Pearl Lagoon,16-11-2025 06:47:21,63,-9,0,https://www.youtube.com/watch?v=_bEatOj52_M,https://teknoparrot.com/en/Highscore/EntrySpecificGt06?gameId=gt16&entryId=530,4,4,2,4,3,2,4,2,4,3,5,3,5,4,3,3,4,4
Golden Tee Unplugged 2016,Paladin242,Paladin242,Antelope Pass,12-11-2025 08:29:57,87,+15,0,https://www.youtube.com/watch?v=C1ya0Dt2tYs,https://teknoparrot.com/en/Highscore/EntrySpecificGt06?gameId=gt16&entryId=445,5,6,3,5,5,6,2,4,3,5,4,7,3,5,6,9,5,4
Golden Tee Unplugged 2016,Paladin242,Paladin242,Greek Hills,11-11-2025 06:54:40,72,E,2579,https://www.youtube.com/watch?v=GkPm4ArkZrM,https://teknoparrot.com/en/Highscore/EntrySpecificGt06?gameId=gt16&entryId=420,5,4,3,5,4,4,2,4,5,5,6,4,3,3,5,4,3,3
Golden Tee Unplugged 2016,Paladin242,Paladin242,Sparkling Waters,11-11-2025 06:37:43,75,+3,0,https://www.youtube.com/watch?v=jfVIfYz29G0,https://teknoparrot.com/en/Highscore/EntrySpecificGt06?gameId=gt16&entryId=419,3,4,3,6,4,4,3,3,8,3,5,5,3,4,5,2,5,5
Golden Tee Unplugged 2016,Paladin242,Paladin242,Royal Cove,08-11-2025 06:27:50,89,+17,0,,https://teknoparrot.com/en/Highscore/EntrySpecificGt06?gameId=gt16&entryId=359,5,4,3,6,5,6,2,7,4,6,6,4,6,6,5,4,4,6
Golden Tee Unplugged 2016,Paladin242,Paladin242,Pearl Lagoon,08-11-2025 06:05:18,75,+3,0,https://www.youtube.com/watch?v=zDHWUT7pM-M,https://teknoparrot.com/en/Highscore/EntrySpecificGt06?gameId=gt16&entryId=358,3,3,4,6,4,3,6,5,3,4,5,3,5,5,5,3,4,4
Golden Tee Unplugged 2016,Paladin242,Paladin242,Sparkling Waters,08-11-2025 05:29:58,76,+4,0,https://www.youtube.com/watch?v=fWUQT1tq_JY,https://teknoparrot.com/en/Highscore/EntrySpecificGt06?gameId=gt16&entryId=356,4,4,3,6,4,3,3,4,5,5,4,5,5,4,5,5,4,3
Golden Tee Unplugged 2016,Paladin242,Paladin242,Royal Cove,07-11-2025 19:59:34,81,+9,0,https://www.youtube.com/watch?v=_umWyhzGwyw,https://teknoparrot.com/en/Highscore/EntrySpecificGt06?gameId=gt16&entryId=340,5,3,2,4,4,5,3,5,5,6,6,3,5,5,4,5,6,5
Golden Tee Unplugged 2016,Paladin242,Paladin242,Royal Cove,07-11-2025 07:05:44,79,+7,0,https://www.youtube.com/watch?v=I_MyDixAe2Y,https://teknoparrot.com/en/Highscore/EntrySpecificGt06?gameId=gt16&entryId=336,4,6,3,6,4,4,3,6,3,5,5,3,4,6,3,4,6,4
Golden Tee Unplugged 2016,Paladin242,Paladin242,Pearl Lagoon,06-11-2025 06:20:22,73,+1,0,https://www.youtube.com/watch?v=v6E1ZzFhdQ8,https://teknoparrot.com/en/Highscore/EntrySpecificGt06?gameId=gt16&entryId=319,4,3,4,4,4,4,5,2,4,4,5,2,5,6,4,3,4,6
Golden Tee Unplugged 2016,Paladin242,Paladin242,Antelope Pass,06-11-2025 05:42:09,74,+2,3462,https://www.youtube.com/watch?v=JbpCNPiNhL8,https://teknoparrot.com/en/Highscore/EntrySpecificGt06?gameId=gt16&entryId=318,3,4,4,4,5,5,2,5,2,4,3,4,3,5,5,5,5,6
Golden Tee Unplugged 2016,Paladin242,Paladin242,Antelope Pass,06-11-2025 05:09:18,71,-1,0,,https://teknoparrot.com/en/Highscore/EntrySpecificGt06?gameId=gt16&entryId=317,3,4,3,4,4,4,2,4,2,4,3,5,5,5,3,8,4,4
Golden Tee Unplugged 2016,Paladin242,Paladin242,Tahiti Cove,06-11-2025 04:03:36,78,+6,0,https://www.youtube.com/watch?v=wjwllS7uw5o,https://teknoparrot.com/en/Highscore/EntrySpecificGt06?gameId=gt16&entryId=316,3,3,3,5,6,5,7,5,4,4,2,4,4,6,4,6,2,5
Golden Tee Unplugged 2016,Paladin242,Paladin242,Indigo Mound,05-11-2025 06:43:18,75,+2,0,,https://teknoparrot.com/en/Highscore/EntrySpecificGt06?gameId=gt16&entryId=294,3,4,3,5,5,5,2,3,5,4,6,4,5,5,3,4,5,4
Golden Tee Unplugged 2016,Paladin242,Paladin242,Volcano Palms,05-11-2025 05:23:02,71,-1,0,,https://teknoparrot.com/en/Highscore/EntrySpecificGt06?gameId=gt16&entryId=292,3,3,3,3,3,4,4,4,3,4,4,4,4,4,5,7,5,4
Golden Tee Unplugged 2016,Paladin242,Paladin242,Tahiti Cove,03-11-2025 02:42:44,77,+5,0,https://www.youtube.com/watch?v=xODBtO7FgHQ,https://teknoparrot.com/en/Highscore/EntrySpecificGt06?gameId=gt16&entryId=253,4,3,4,5,4,3,5,6,5,5,3,6,5,5,3,4,3,4
Golden Tee Unplugged 2016,Paladin242,Paladin242,Antelope Pass,02-11-2025 07:42:02,66,-6,0,https://www.youtube.com/watch?v=ao5IlbsIPvY,https://teknoparrot.com/en/Highscore/EntrySpecificGt06?gameId=gt16&entryId=234,3,3,3,3,3,6,2,4,2,3,6,6,3,3,3,5,5,3
Golden Tee Unplugged 2016,Paladin242,Paladin242,Volcano Palms,02-11-2025 06:55:32,70,-2,0,https://www.youtube.com/watch?v=-XKLK9hHVZg,https://teknoparrot.com/en/Highscore/EntrySpecificGt06?gameId=gt16&entryId=231,3,4,3,3,3,4,7,4,3,3,5,4,4,3,5,5,4,3
Golden Tee Unplugged 2016,Paladin242,Paladin242,Volcano Palms,02-11-2025 06:23:33,73,+1,0,,https://teknoparrot.com/en/Highscore/EntrySpecificGt06?gameId=gt16&entryId=230,3,3,3,4,4,3,5,3,3,4,5,5,5,4,6,5,4,4
Golden Tee Unplugged 2017,Paladin242,Paladin242,Jack Rabbit Junction,10-01-2026 06:35:25,70,-2,2994,https://www.youtube.com/watch?v=d1G7qr5vLHM,https://teknoparrot.com/en/Highscore/EntrySpecificGt06?gameId=gt17&entryId=300,5,4,2,4,3,4,3,4,6,5,3,5,4,3,3,5,3,4
Golden Tee Unplugged 2017,Paladin242,Paladin242,Pearl Lagoon,20-12-2025 06:43:23,82,+10,0,https://www.youtube.com/watch?v=CbKKHvTjulw,https://teknoparrot.com/en/Highscore/EntrySpecificGt06?gameId=gt17&entryId=49,4,4,3,4,5,3,6,4,5,5,6,4,4,7,4,3,6,5
Golden Tee Unplugged 2017,Paladin242,Paladin242,Sandy Reef,18-12-2025 05:45:40,79,+6,0,https://www.youtube.com/watch?v=PnaAbFQ4Oms,https://teknoparrot.com/en/Highscore/EntrySpecificGt06?gameId=gt17&entryId=13,4,3,4,4,3,5,4,3,9,7,6,3,4,4,4,2,5,5
Golden Tee Unplugged 2018,Paladin242,Paladin242,Black Hills,21-06-2026 10:22:20,83,+12,0,https://www.youtube.com/watch?v=KzY7OBcbeRk,https://teknoparrot.com/en/Highscore/EntrySpecificGt06?gameId=gt18&entryId=1306,4,3,3,5,3,6,5,4,7,5,4,6,5,4,4,4,7,4
Golden Tee Unplugged 2018,Paladin242,Paladin242,Black Hills,21-06-2026 10:02:34,73,+2,0,https://www.youtube.com/watch?v=-hO7ksl-c_k,https://teknoparrot.com/en/Highscore/EntrySpecificGt06?gameId=gt18&entryId=1305,5,3,3,5,4,3,5,4,3,4,6,4,6,4,4,4,2,4
Golden Tee Unplugged 2018,Paladin242,Paladin242,Laurel Park,13-06-2026 08:55:36,70,-3,6877,https://www.youtube.com/watch?v=vbv5mgZcNXo,https://teknoparrot.com/en/Highscore/EntrySpecificGt06?gameId=gt18&entryId=1276,4,4,3,6,5,5,5,3,3,6,3,3,4,3,3,4,2,4
Golden Tee Unplugged 2018,Paladin242,Paladin242,Laurel Park,13-06-2026 08:40:18,73,E,0,https://www.youtube.com/watch?v=dPWd46g2SJY,https://teknoparrot.com/en/Highscore/EntrySpecificGt06?gameId=gt18&entryId=1275,4,5,3,5,4,5,5,2,5,6,5,3,3,4,4,3,3,4
Golden Tee Unplugged 2018,Paladin242,Paladin242,Grand Canyon,02-06-2026 19:47:08,69,-3,4777,https://www.youtube.com/watch?v=6Yg9jA_l9EU,https://teknoparrot.com/en/Highscore/EntrySpecificGt06?gameId=gt18&entryId=1230,3,3,3,4,3,4,3,5,4,4,3,3,5,5,3,6,3,5
Golden Tee Unplugged 2018,Paladin242,Paladin242,Grand Canyon,30-05-2026 07:52:46,79,+7,5915,https://www.youtube.com/watch?v=KGGS9Bfj5vI,https://teknoparrot.com/en/Highscore/EntrySpecificGt06?gameId=gt18&entryId=1204,3,6,2,5,3,4,5,4,3,6,7,4,5,4,4,6,3,5
Golden Tee Unplugged 2018,Paladin242,Paladin242,Grand Canyon,30-05-2026 07:26:08,85,+13,0,https://www.youtube.com/watch?v=W-TwDMoiLm4,https://teknoparrot.com/en/Highscore/EntrySpecificGt06?gameId=gt18&entryId=1203,3,3,3,6,6,4,4,7,4,4,3,4,5,6,5,8,4,6
Golden Tee Unplugged 2018,Paladin242,Paladin242,Southern Oaks,25-05-2026 21:42:19,71,-1,0,https://www.youtube.com/watch?v=-qo3nCw2FQk,https://teknoparrot.com/en/Highscore/EntrySpecificGt06?gameId=gt18&entryId=1160,3,5,3,3,4,5,4,4,4,4,4,4,4,3,5,4,4,4
Golden Tee Unplugged 2018,Paladin242,Paladin242,The Great Wall,16-05-2026 07:24:02,66,-6,0,https://www.youtube.com/watch?v=g80ELgPRVaI,https://teknoparrot.com/en/Highscore/EntrySpecificGt06?gameId=gt18&entryId=1081,3,4,3,4,2,4,3,3,4,4,4,2,4,3,4,5,7,3
Golden Tee Unplugged 2018,Paladin242,Paladin242,Misty Springs,10-05-2026 07:03:30,73,+1,0,https://www.youtube.com/watch?v=9N9I-jI1ZgE,https://teknoparrot.com/en/Highscore/EntrySpecificGt06?gameId=gt18&entryId=1005,4,3,2,5,4,3,5,5,4,3,5,2,7,5,4,5,4,3
Golden Tee Unplugged 2018,Paladin242,Paladin242,Misty Springs,10-05-2026 06:49:27,76,+4,0,https://www.youtube.com/watch?v=UbRme6vwoMI,https://teknoparrot.com/en/Highscore/EntrySpecificGt06?gameId=gt18&entryId=1004,3,4,4,3,4,2,6,4,4,5,5,2,5,4,3,6,4,8
Golden Tee Unplugged 2018,Paladin242,Paladin242,Alpine Run,03-05-2026 07:30:15,67,-5,0,https://www.youtube.com/watch?v=X3GJPt6L5YM,https://teknoparrot.com/en/Highscore/EntrySpecificGt06?gameId=gt18&entryId=928,3,4,3,3,4,5,6,3,6,3,3,4,3,2,4,4,4,3
Golden Tee Unplugged 2018,Paladin242,Paladin242,Alpine Run,03-05-2026 07:12:05,75,+3,0,https://www.youtube.com/watch?v=-3Cfn3HqY74,https://teknoparrot.com/en/Highscore/EntrySpecificGt06?gameId=gt18&entryId=927,3,5,3,5,4,3,4,5,4,4,3,4,5,4,5,6,4,4
Golden Tee Unplugged 2018,Paladin242,Paladin242,Alpine Run,02-05-2026 07:43:45,89,+17,4658,,https://teknoparrot.com/en/Highscore/EntrySpecificGt06?gameId=gt18&entryId=917,4,3,4,3,5,5,6,4,6,8,3,4,4,4,5,9,4,8
Golden Tee Unplugged 2018,Paladin242,Paladin242,Safari Dunes,17-04-2026 07:07:37,71,E,0,,https://teknoparrot.com/en/Highscore/EntrySpecificGt06?gameId=gt18&entryId=783,3,5,2,3,5,2,5,4,3,3,3,7,6,3,7,5,2,3
Golden Tee Unplugged 2018,Paladin242,Paladin242,Ruby Rock,10-04-2026 07:08:15,63,-9,0,https://www.youtube.com/watch?v=DEi7Ja_XMPg,https://teknoparrot.com/en/Highscore/EntrySpecificGt06?gameId=gt18&entryId=737,4,3,2,5,4,2,5,4,4,2,3,5,4,3,4,3,2,4
Golden Tee Unplugged 2018,Paladin242,Paladin242,Sparkling Waters,28-03-2026 07:27:28,67,-5,4334,https://www.youtube.com/watch?v=fmOqr36KMcM,https://teknoparrot.com/en/Highscore/EntrySpecificGt06?gameId=gt18&entryId=630,4,3,3,4,4,4,3,4,5,2,4,3,4,4,5,3,5,3
Golden Tee Unplugged 2018,Paladin242,Paladin242,Sparkling Waters,28-03-2026 06:44:07,74,+2,0,https://www.youtube.com/watch?v=AkoijEQm0jk,https://teknoparrot.com/en/Highscore/EntrySpecificGt06?gameId=gt18&entryId=629,4,3,2,5,4,5,4,4,6,3,5,3,3,4,5,4,4,6
Golden Tee Unplugged 2018,Paladin242,Paladin242,Safari Dunes,12-03-2026 04:33:45,74,+3,0,https://www.youtube.com/watch?v=0sdwQVZdxKA,https://teknoparrot.com/en/Highscore/EntrySpecificGt06?gameId=gt18&entryId=482,3,4,4,3,4,2,5,3,4,4,5,7,4,5,5,4,3,5
Golden Tee Unplugged 2018,Paladin242,Paladin242,Safari Dunes,12-03-2026 04:20:42,70,-1,0,,https://teknoparrot.com/en/Highscore/EntrySpecificGt06?gameId=gt18&entryId=481,4,4,2,4,4,4,4,3,3,2,3,5,4,4,6,4,5,5
Golden Tee Unplugged 2018,Paladin242,Paladin242,Safari Dunes,07-03-2026 08:55:28,72,+1,0,https://www.youtube.com/watch?v=rGHCtY0IFVk,https://teknoparrot.com/en/Highscore/EntrySpecificGt06?gameId=gt18&entryId=430,4,4,2,4,4,3,6,5,5,3,3,4,3,5,6,4,4,3
Golden Tee Unplugged 2018,Paladin242,Paladin242,Teal Gardens,28-02-2026 07:59:40,69,-4,0,https://www.youtube.com/watch?v=oFd5X-efiNo,https://teknoparrot.com/en/Highscore/EntrySpecificGt06?gameId=gt18&entryId=324,3,6,3,3,5,3,3,5,3,4,2,5,5,5,5,3,3,3
Golden Tee Unplugged 2018,Paladin242,Paladin242,Calypso Key,27-02-2026 06:25:22,73,E,0,https://www.youtube.com/watch?v=Z5yZGVzk1Mo,https://teknoparrot.com/en/Highscore/EntrySpecificGt06?gameId=gt18&entryId=306,4,3,3,6,3,4,5,3,4,3,5,4,2,7,5,2,6,4
Golden Tee Unplugged 2018,Paladin242,Paladin242,Calypso Key,21-02-2026 08:24:25,77,+4,0,,https://teknoparrot.com/en/Highscore/EntrySpecificGt06?gameId=gt18&entryId=248,4,3,3,7,5,3,6,4,3,4,3,4,3,5,6,5,5,4
Golden Tee Unplugged 2018,Paladin242,Paladin242,Royal Dubai,14-02-2026 07:30:10,67,-5,0,https://www.youtube.com/watch?v=lTg6NwFQgqM,https://teknoparrot.com/en/Highscore/EntrySpecificGt06?gameId=gt18&entryId=162,4,3,4,2,6,3,3,4,4,3,3,3,4,4,3,4,4,6
Golden Tee Unplugged 2018,Paladin242,Paladin242,Royal Dubai,14-02-2026 07:11:47,73,+1,0,https://www.youtube.com/watch?v=_MZTy3frjrI,https://teknoparrot.com/en/Highscore/EntrySpecificGt06?gameId=gt18&entryId=161,5,5,6,3,4,5,3,4,5,4,3,4,6,3,4,2,2,5
Golden Tee Unplugged 2019,Paladin242,Paladin242,Indigo Mound,14-07-2026 01:12:44,74,+1,0,https://www.youtube.com/watch?v=do4wArAaCQU,https://teknoparrot.com/en/Highscore/EntrySpecificGt06?gameId=gt19&entryId=652,4,4,2,5,4,4,5,4,5,5,5,3,5,5,3,4,3,4
Golden Tee Unplugged 2019,Paladin242,Paladin242,Sparkling Waters,07-07-2026 19:52:57,73,E,7264,https://www.youtube.com/watch?v=tf3RcAmIaMU,https://teknoparrot.com/en/Highscore/EntrySpecificGt06?gameId=gt19&entryId=605,3,4,3,5,4,4,2,3,4,3,3,4,4,5,6,3,7,6
Golden Tee Unplugged 2019,Paladin242,Paladin242,Volcano Palms,27-06-2026 05:38:53,67,-5,0,https://www.youtube.com/watch?v=HtQLE831YUQ,https://teknoparrot.com/en/Highscore/EntrySpecificGt06?gameId=gt19&entryId=419,3,4,3,4,4,2,5,4,2,5,4,3,5,3,4,5,3,4
Power Putt Live 2013,Paladin242,Paladin242,Skull Island,09-01-2026 19:49:24,27,-1,41486,,https://teknoparrot.com/en/Highscore/EntrySpecificGt06?gameId=ppl13&entryId=412,3,3,3,2,2,7,2,2,3,0,0,0,0,0,0,0,0,0
Power Putt Live 2013,Paladin242,Paladin242,Dusty Trail,19-11-2025 19:44:44,49,-8,90503,,https://teknoparrot.com/en/Highscore/EntrySpecificGt06?gameId=ppl13&entryId=393,3,2,2,3,2,2,4,2,3,1,4,2,4,3,2,3,5,2
Power Putt Live 2013,Paladin242,Paladin242,Haunted Hills,17-11-2025 19:53:33,31,+3,48895,,https://teknoparrot.com/en/Highscore/EntrySpecificGt06?gameId=ppl13&entryId=392,2,2,2,4,5,6,4,4,2,0,0,0,0,0,0,0,0,0
Power Putt Live 2013,Paladin242,Paladin242,Miner 49'er,10-11-2025 19:47:41,62,+4,73372,https://www.youtube.com/watch?v=IMeM6-RnlAs,https://teknoparrot.com/en/Highscore/EntrySpecificGt06?gameId=ppl13&entryId=383,1,3,2,3,2,5,3,2,2,4,5,2,3,5,3,6,4,7
Power Putt Live 2013,Paladin242,Paladin242,The Freaky Tiki,06-11-2025 19:39:31,56,-1,90013,https://www.youtube.com/watch?v=PnkaRlSshi0,https://teknoparrot.com/en/Highscore/EntrySpecificGt06?gameId=ppl13&entryId=382,2,2,3,3,3,3,4,2,5,2,2,4,3,4,3,4,3,4
Power Putt Live 2013,Paladin242,Paladin242,The Freaky Tiki,06-11-2025 03:12:39,23,-5,34256,https://www.youtube.com/watch?v=pWLSCd-oauI,https://teknoparrot.com/en/Highscore/EntrySpecificGt06?gameId=ppl13&entryId=381,1,2,4,3,3,2,3,2,3,0,0,0,0,0,0,0,0,0
Power Putt Live 2013,Paladin242,Paladin242,Bigfoot Bend,06-11-2025 02:57:20,19,-8,41178,https://www.youtube.com/watch?v=Dv3m_tC_Qb0,https://teknoparrot.com/en/Highscore/EntrySpecificGt06?gameId=ppl13&entryId=380,2,1,2,1,2,2,5,2,2,0,0,0,0,0,0,0,0,0
Power Putt Live 2013,Paladin242,Paladin242,Haunted Hills,06-11-2025 02:29:06,26,-2,43501,https://www.youtube.com/watch?v=R6-8zuvWTIE,https://teknoparrot.com/en/Highscore/EntrySpecificGt06?gameId=ppl13&entryId=379,3,3,2,4,3,5,2,3,1,0,0,0,0,0,0,0,0,0
Power Putt Live 2013,Paladin242,Paladin242,Skull Island,05-11-2025 19:56:52,29,+1,27536,https://www.youtube.com/watch?v=-zTk1twzqvQ,https://teknoparrot.com/en/Highscore/EntrySpecificGt06?gameId=ppl13&entryId=378,2,3,2,2,3,5,3,5,4,0,0,0,0,0,0,0,0,0
Power Putt Live 2013,Paladin242,Paladin242,Lost Vegas,05-11-2025 19:46:56,77,+23,67995,,https://teknoparrot.com/en/Highscore/EntrySpecificGt06?gameId=ppl13&entryId=377,2,3,4,2,2,2,3,4,8,5,4,8,3,4,2,5,10,6
Power Putt Live 2013,Paladin242,Paladin242,Lost Vegas,05-11-2025 07:09:50,23,-3,29681,,https://teknoparrot.com/en/Highscore/EntrySpecificGt06?gameId=ppl13&entryId=376,2,2,3,3,3,3,3,1,3,0,0,0,0,0,0,0,0,0
Power Putt Live 2013,Paladin242,Paladin242,Lost Vegas,05-11-2025 06:03:07,20,-6,37440,,https://teknoparrot.com/en/Highscore/EntrySpecificGt06?gameId=ppl13&entryId=375,2,2,2,2,2,2,3,1,4,0,0,0,0,0,0,0,0,0
Golden Tee Live 2006,LynnInDenver,LynnInDenver,Coral Vista,17-11-2025 01:35:35,104,+32,0,,https://teknoparrot.com/en/Highscore/EntrySpecificGt06?gameId=gt06&entryId=468,4,4,2,7,7,5,5,6,6,5,5,5,7,8,7,9,7,5
Golden Tee Unplugged 2016,LynnInDenver,LynnInDenver,Pelican Grove,01-01-2026 04:04:46,94,+22,0,,https://teknoparrot.com/en/Highscore/EntrySpecificGt06?gameId=gt16&entryId=994,7,5,5,2,4,7,3,6,7,5,5,4,4,8,5,4,7,6
Golden Tee Unplugged 2016,LynnInDenver,LynnInDenver,Shady Acres,20-12-2025 20:03:44,95,+23,0,,https://teknoparrot.com/en/Highscore/EntrySpecificGt06?gameId=gt16&entryId=983,4,5,5,5,5,5,6,5,4,4,7,8,5,5,4,9,3,6
Golden Tee Unplugged 2016,LynnInDenver,LynnInDenver,Turtle Island,18-12-2025 03:07:03,85,+13,0,,https://teknoparrot.com/en/Highscore/EntrySpecificGt06?gameId=gt16&entryId=981,4,5,4,6,4,6,4,3,8,6,6,4,6,3,4,2,5,5
Golden Tee Unplugged 2016,LynnInDenver,LynnInDenver,Antelope Pass,11-12-2025 05:41:23,86,+14,0,,https://teknoparrot.com/en/Highscore/EntrySpecificGt06?gameId=gt16&entryId=934,4,4,5,4,4,6,4,5,3,5,5,5,4,6,3,9,5,5
Golden Tee Unplugged 2016,LynnInDenver,LynnInDenver,Antelope Pass,09-12-2025 03:59:50,82,+10,0,,https://teknoparrot.com/en/Highscore/EntrySpecificGt06?gameId=gt16&entryId=906,4,4,4,3,6,6,2,5,3,6,6,5,6,6,4,4,4,4
Golden Tee Unplugged 2016,LynnInDenver,LynnInDenver,Hawthorne Manor,30-11-2025 20:36:20,82,+10,0,,https://teknoparrot.com/en/Highscore/EntrySpecificGt06?gameId=gt16&entryId=800,4,2,3,4,5,3,7,3,4,4,4,4,5,4,6,7,5,8
Golden Tee Unplugged 2016,LynnInDenver,LynnInDenver,Hawthorne Manor,29-11-2025 00:59:22,87,+15,0,,https://teknoparrot.com/en/Highscore/EntrySpecificGt06?gameId=gt16&entryId=749,5,2,6,7,6,4,6,2,4,4,4,4,6,7,5,6,5,4
Golden Tee Unplugged 2016,LynnInDenver,LynnInDenver,Volcano Palms,22-11-2025 03:51:21,76,+4,0,,https://teknoparrot.com/en/Highscore/EntrySpecificGt06?gameId=gt16&entryId=641,3,4,3,4,3,3,5,3,2,3,4,5,5,6,4,8,4,7
Golden Tee Unplugged 2016,LynnInDenver,LynnInDenver,Volcano Palms,22-11-2025 03:26:07,82,+10,0,,https://teknoparrot.com/en/Highscore/EntrySpecificGt06?gameId=gt16&entryId=639,4,3,2,5,4,4,6,4,4,6,6,5,5,3,5,6,5,5
Golden Tee Unplugged 2016,LynnInDenver,LynnInDenver,Pearl Lagoon,21-11-2025 05:35:41,77,+5,0,,https://teknoparrot.com/en/Highscore/EntrySpecificGt06?gameId=gt16&entryId=620,3,4,3,4,4,2,4,3,3,5,4,4,8,5,6,4,5,6
Golden Tee Unplugged 2016,LynnInDenver,LynnInDenver,Pearl Lagoon,21-11-2025 05:17:30,68,-4,0,,https://teknoparrot.com/en/Highscore/EntrySpecificGt06?gameId=gt16&entryId=619,3,3,3,5,4,3,5,2,3,4,5,2,5,3,4,3,5,6
Golden Tee Unplugged 2016,LynnInDenver,LynnInDenver,Pearl Lagoon,17-11-2025 02:01:56,75,+3,0,,https://teknoparrot.com/en/Highscore/EntrySpecificGt06?gameId=gt16&entryId=545,4,3,3,5,4,3,6,2,4,4,5,3,5,7,4,4,4,5
Golden Tee Unplugged 2017,LynnInDenver,LynnInDenver,Teal Gardens,20-12-2025 20:49:02,93,+20,0,,https://teknoparrot.com/en/Highscore/EntrySpecificGt06?gameId=gt17&entryId=59,3,5,3,2,7,6,4,6,6,9,4,6,7,6,5,3,5,6
Golden Tee Live 2007,KeenCobra,KeenCobra,Indigo Mound,27-10-2024 05:11:23,42,+5,0,,https://teknoparrot.com/en/Highscore/EntrySpecificGt06?gameId=gt07&entryId=72,4,6,2,5,4,5,5,6,5,0,0,0,0,0,0,0,0,0
Golden Tee Unplugged 2017,KeenCobra,KeenCobra,Ruby Rock,22-12-2025 20:27:18,93,+21,0,,https://teknoparrot.com/en/Highscore/EntrySpecificGt06?gameId=gt17&entryId=125,4,6,3,5,3,4,6,5,8,5,7,5,7,2,6,4,5,8
Golden Tee Unplugged 2018,KeenCobra,KeenCobra,Mayfield,02-03-2026 17:23:00,101,+29,0,,https://teknoparrot.com/en/Highscore/EntrySpecificGt06?gameId=gt18&entryId=370,4,5,3,4,8,4,6,5,6,7,5,8,6,7,6,6,6,5
Golden Tee Unplugged 2016,intelekt,intelekt,Grizzly Flats,11-02-2026 03:12:52,69,-3,0,,https://teknoparrot.com/en/Highscore/EntrySpecificGt06?gameId=gt16&entryId=1145,3,4,2,4,3,3,3,4,3,4,5,5,3,5,5,4,4,5
Golden Tee Unplugged 2016,intelekt,intelekt,Grizzly Flats,09-02-2026 05:19:04,74,+2,3216,,https://teknoparrot.com/en/Highscore/EntrySpecificGt06?gameId=gt16&entryId=1142,3,3,2,5,3,4,5,4,3,5,4,3,3,5,4,7,5,6
Golden Tee Unplugged 2016,intelekt,intelekt,Cape Haven,24-01-2026 04:28:12,61,-11,0,,https://teknoparrot.com/en/Highscore/EntrySpecificGt06?gameId=gt16&entryId=1088,3,3,3,5,3,5,3,2,3,4,3,4,3,3,4,4,2,4
Golden Tee Unplugged 2016,intelekt,intelekt,Sequoia Grove,19-01-2026 00:17:13,68,-4,4274,,https://teknoparrot.com/en/Highscore/EntrySpecificGt06?gameId=gt16&entryId=1063,3,3,2,3,6,2,4,5,4,4,2,5,4,4,5,3,5,4
Golden Tee Unplugged 2016,intelekt,intelekt,Sequoia Grove,17-01-2026 06:18:10,74,+2,4260,,https://teknoparrot.com/en/Highscore/EntrySpecificGt06?gameId=gt16&entryId=1056,4,4,2,4,4,2,3,3,3,6,3,4,3,7,5,4,6,7
Golden Tee Unplugged 2016,intelekt,intelekt,Jack Rabbit Junction,14-01-2026 07:33:59,66,-6,0,,https://teknoparrot.com/en/Highscore/EntrySpecificGt06?gameId=gt16&entryId=1037,3,3,3,4,3,4,3,4,4,3,3,5,4,4,3,4,4,5
Golden Tee Unplugged 2016,intelekt,intelekt,Jack Rabbit Junction,14-01-2026 06:21:14,63,-9,26809,,https://teknoparrot.com/en/Highscore/EntrySpecificGt06?gameId=gt16&entryId=1036,4,4,2,4,3,4,2,4,4,3,2,6,3,3,1,4,6,4
Golden Tee Unplugged 2016,intelekt,intelekt,Jack Rabbit Junction,10-01-2026 04:53:36,63,-9,0,https://www.youtube.com/watch?v=xWLFymbfJV4,https://teknoparrot.com/en/Highscore/EntrySpecificGt06?gameId=gt16&entryId=1016,2,3,2,5,2,4,3,5,4,3,3,5,3,4,2,4,5,4
Golden Tee Unplugged 2016,intelekt,intelekt,Greek Hills,09-01-2026 05:37:06,72,E,0,,https://teknoparrot.com/en/Highscore/EntrySpecificGt06?gameId=gt16&entryId=1015,3,3,2,4,3,4,2,5,4,4,5,3,4,6,7,5,3,5
Golden Tee Unplugged 2016,intelekt,intelekt,Winding Pines,06-01-2026 05:27:53,73,+1,11341,,https://teknoparrot.com/en/Highscore/EntrySpecificGt06?gameId=gt16&entryId=1014,3,5,2,4,5,3,3,3,2,5,5,3,3,6,6,4,6,5
Golden Tee Unplugged 2016,intelekt,intelekt,Eagle Crest,06-01-2026 05:01:01,66,-5,20132,https://www.youtube.com/watch?v=EmcRW_0shpY,https://teknoparrot.com/en/Highscore/EntrySpecificGt06?gameId=gt16&entryId=1013,4,4,3,4,3,2,4,4,4,4,5,1,4,4,2,4,5,5
Golden Tee Unplugged 2016,intelekt,intelekt,Sparkling Waters,04-01-2026 23:34:53,73,+1,0,https://www.youtube.com/watch?v=BW--1t3Djts,https://teknoparrot.com/en/Highscore/EntrySpecificGt06?gameId=gt16&entryId=1012,3,4,3,6,3,4,3,4,5,4,5,5,4,4,5,2,5,4
Golden Tee Unplugged 2016,intelekt,intelekt,Woodland Farm,04-01-2026 23:03:39,86,+14,0,https://www.youtube.com/watch?v=IcPCxy7m4jw,https://teknoparrot.com/en/Highscore/EntrySpecificGt06?gameId=gt16&entryId=1011,3,3,3,4,4,8,2,5,6,7,6,8,4,4,4,5,5,5
Golden Tee Unplugged 2016,intelekt,intelekt,Bear Lodge,04-01-2026 05:42:47,81,+9,0,https://www.youtube.com/watch?v=FqCkpHKnO1w,https://teknoparrot.com/en/Highscore/EntrySpecificGt06?gameId=gt16&entryId=1005,3,4,3,4,5,5,4,4,7,4,2,4,6,4,5,5,4,8
Golden Tee Unplugged 2016,intelekt,intelekt,Hawthorne Manor,04-01-2026 05:20:40,78,+6,0,https://www.youtube.com/watch?v=FwBzy87UqZc,https://teknoparrot.com/en/Highscore/EntrySpecificGt06?gameId=gt16&entryId=1004,4,3,3,5,3,3,6,4,4,5,6,4,5,4,4,6,3,6
Golden Tee Unplugged 2016,intelekt,intelekt,Elkhorn Ridge,04-01-2026 03:28:25,63,-9,0,https://www.youtube.com/watch?v=gjiRydBGP8I,https://teknoparrot.com/en/Highscore/EntrySpecificGt06?gameId=gt16&entryId=1003,3,2,2,4,4,3,4,4,3,4,5,3,4,3,4,5,2,4
Golden Tee Unplugged 2016,intelekt,intelekt,Woodland Farm,04-01-2026 02:03:57,67,-5,0,https://www.youtube.com/watch?v=6aS6oGPAdD0,https://teknoparrot.com/en/Highscore/EntrySpecificGt06?gameId=gt16&entryId=1002,3,3,2,3,6,4,4,4,4,4,5,4,4,3,3,4,2,5
Golden Tee Unplugged 2016,intelekt,intelekt,Woodland Farm,03-01-2026 05:34:23,73,+1,0,,https://teknoparrot.com/en/Highscore/EntrySpecificGt06?gameId=gt16&entryId=1000,3,3,4,4,5,4,2,4,4,4,3,7,4,6,5,4,4,3
Golden Tee Unplugged 2016,intelekt,intelekt,Pelican Grove,01-01-2026 06:05:50,74,+2,5022,,https://teknoparrot.com/en/Highscore/EntrySpecificGt06?gameId=gt16&entryId=995,4,4,3,2,7,3,4,2,3,4,6,2,5,6,4,6,5,4
Golden Tee Unplugged 2016,intelekt,intelekt,Pelican Grove,01-01-2026 03:26:10,75,+3,0,,https://teknoparrot.com/en/Highscore/EntrySpecificGt06?gameId=gt16&entryId=993,4,4,3,3,4,3,4,6,5,5,6,2,6,5,4,2,5,4
Golden Tee Unplugged 2018,intelekt,intelekt,Southern Oaks,23-05-2026 05:52:19,73,+1,0,,https://teknoparrot.com/en/Highscore/EntrySpecificGt06?gameId=gt18&entryId=1135,3,4,2,3,5,3,4,5,4,5,5,4,4,4,4,3,5,6
Golden Tee Unplugged 2018,intelekt,intelekt,Southern Oaks,23-05-2026 05:26:41,75,+3,0,,https://teknoparrot.com/en/Highscore/EntrySpecificGt06?gameId=gt18&entryId=1134,3,4,2,4,4,5,4,4,6,5,4,3,4,4,4,3,5,7
Golden Tee Unplugged 2018,intelekt,intelekt,Ruby Rock,04-04-2026 02:43:24,66,-6,0,,https://teknoparrot.com/en/Highscore/EntrySpecificGt06?gameId=gt18&entryId=687,3,3,2,4,3,2,4,4,5,3,5,4,4,4,5,3,4,4
Golden Tee Unplugged 2018,intelekt,intelekt,Sparkling Waters,01-04-2026 04:10:21,65,-7,0,https://www.youtube.com/watch?v=HyEHx2Pckw8,https://teknoparrot.com/en/Highscore/EntrySpecificGt06?gameId=gt18&entryId=656,3,5,2,4,4,5,3,5,4,3,3,3,3,4,4,2,5,3
Golden Tee Unplugged 2018,intelekt,intelekt,Rattlesnake Ridge,25-03-2026 02:17:13,77,+5,0,,https://teknoparrot.com/en/Highscore/EntrySpecificGt06?gameId=gt18&entryId=601,5,3,6,4,5,4,4,3,3,3,5,6,3,4,4,4,7,4
Golden Tee Unplugged 2018,intelekt,intelekt,Rhineland,19-03-2026 02:39:28,64,-8,15588,,https://teknoparrot.com/en/Highscore/EntrySpecificGt06?gameId=gt18&entryId=549,3,4,4,3,4,3,3,4,4,3,3,5,2,3,4,4,3,5
Golden Tee Unplugged 2018,intelekt,intelekt,Teal Gardens,02-03-2026 05:58:30,62,-11,0,,https://teknoparrot.com/en/Highscore/EntrySpecificGt06?gameId=gt18&entryId=361,3,4,3,2,5,2,2,4,3,4,2,5,3,5,5,3,4,3
Golden Tee Unplugged 2018,intelekt,intelekt,Teal Gardens,02-03-2026 03:40:53,74,+1,0,,https://teknoparrot.com/en/Highscore/EntrySpecificGt06?gameId=gt18&entryId=356,4,3,3,2,5,3,5,6,4,5,4,4,5,6,6,2,5,2
Golden Tee Unplugged 2018,intelekt,intelekt,Calypso Key,15-02-2026 05:31:49,73,E,0,,https://teknoparrot.com/en/Highscore/EntrySpecificGt06?gameId=gt18&entryId=180,3,3,3,4,3,2,5,4,4,6,4,7,2,4,5,6,3,5
Golden Tee Unplugged 2018,intelekt,intelekt,Royal Dubai,15-02-2026 04:10:24,63,-9,3524,https://www.youtube.com/watch?v=96mEhU52wd0,https://teknoparrot.com/en/Highscore/EntrySpecificGt06?gameId=gt18&entryId=179,3,3,4,2,4,4,2,3,5,4,2,4,5,4,4,5,2,3
Golden Tee Unplugged 2018,intelekt,intelekt,Mayfield,11-02-2026 04:12:17,69,-3,8156,,https://teknoparrot.com/en/Highscore/EntrySpecificGt06?gameId=gt18&entryId=123,4,5,2,3,3,2,5,5,4,2,4,6,4,3,5,4,4,4
Power Putt Live 2013,intelekt,intelekt,Safari River,19-01-2026 01:02:35,51,-6,80113,,https://teknoparrot.com/en/Highscore/EntrySpecificGt06?gameId=ppl13&entryId=432,2,2,4,5,2,2,3,3,2,2,3,2,3,2,4,3,3,4
Power Putt Live 2013,intelekt,intelekt,Camelot,19-01-2026 00:50:57,54,-3,115357,,https://teknoparrot.com/en/Highscore/EntrySpecificGt06?gameId=ppl13&entryId=431,3,1,3,1,3,3,5,1,2,2,4,7,1,3,5,2,4,4
Power Putt Live 2013,intelekt,intelekt,Lost Vegas,11-01-2026 07:30:50,32,+6,40301,,https://teknoparrot.com/en/Highscore/EntrySpecificGt06?gameId=ppl13&entryId=414,2,3,2,4,3,6,3,5,4,0,0,0,0,0,0,0,0,0
Golden Tee Live 2007,vpfiends,vpfiends,Moose Landing,22-01-2026 02:01:37,81,+9,0,,https://teknoparrot.com/en/Highscore/EntrySpecificGt06?gameId=gt07&entryId=284,3,4,2,4,4,4,4,4,5,4,6,4,4,4,5,9,6,5
Golden Tee Unplugged 2016,vpfiends,vpfiends,Grizzly Flats,10-02-2026 03:08:53,73,+1,4466,,https://teknoparrot.com/en/Highscore/EntrySpecificGt06?gameId=gt16&entryId=1144,3,3,2,4,5,3,4,6,5,4,3,3,4,5,4,5,6,4
Golden Tee Unplugged 2016,vpfiends,vpfiends,Grizzly Flats,10-02-2026 02:54:17,66,-6,9988,https://www.youtube.com/watch?v=UXqQjeRDeQ4,https://teknoparrot.com/en/Highscore/EntrySpecificGt06?gameId=gt16&entryId=1143,3,3,2,3,2,3,3,5,3,4,3,3,4,4,4,6,5,6
Golden Tee Unplugged 2016,vpfiends,vpfiends,Grizzly Flats,08-02-2026 22:43:56,73,+1,0,,https://teknoparrot.com/en/Highscore/EntrySpecificGt06?gameId=gt16&entryId=1141,3,3,2,5,4,4,4,5,5,4,4,5,3,5,6,2,5,4
Golden Tee Unplugged 2016,vpfiends,vpfiends,Grizzly Flats,08-02-2026 22:34:34,66,-6,0,https://www.youtube.com/watch?v=qglO18i7bdU,https://teknoparrot.com/en/Highscore/EntrySpecificGt06?gameId=gt16&entryId=1140,3,4,2,4,3,4,4,4,3,3,3,3,4,4,5,3,6,4
Golden Tee Unplugged 2016,vpfiends,vpfiends,Grizzly Flats,08-02-2026 22:25:28,67,-5,2871,https://www.youtube.com/watch?v=ZSuPfVD6B_I,https://teknoparrot.com/en/Highscore/EntrySpecificGt06?gameId=gt16&entryId=1139,3,3,3,3,3,3,4,5,4,4,5,3,3,4,3,3,6,5
Golden Tee Unplugged 2016,vpfiends,vpfiends,Grizzly Flats,07-02-2026 04:51:06,70,-2,0,,https://teknoparrot.com/en/Highscore/EntrySpecificGt06?gameId=gt16&entryId=1133,3,4,3,4,3,4,4,4,3,4,6,4,4,4,4,2,6,4
Golden Tee Unplugged 2016,vpfiends,vpfiends,Bear Lodge,07-02-2026 04:39:33,61,-11,0,https://www.youtube.com/watch?v=FirlN0MAiwo,https://teknoparrot.com/en/Highscore/EntrySpecificGt06?gameId=gt16&entryId=1132,3,3,2,3,4,4,3,3,5,3,4,3,4,4,4,3,2,4
Golden Tee Unplugged 2016,vpfiends,vpfiends,Winding Pines,01-02-2026 23:03:59,69,-3,4996,https://www.youtube.com/watch?v=csa7eGq4mtM,https://teknoparrot.com/en/Highscore/EntrySpecificGt06?gameId=gt16&entryId=1128,3,3,2,4,3,3,3,6,4,3,4,2,3,5,6,4,5,6
Golden Tee Unplugged 2016,vpfiends,vpfiends,Coconut Beach,01-02-2026 22:42:38,69,-3,0,https://www.youtube.com/watch?v=ujwo_0STI8U,https://teknoparrot.com/en/Highscore/EntrySpecificGt06?gameId=gt16&entryId=1127,3,5,3,3,3,5,3,2,3,4,6,3,4,4,5,4,5,4
Golden Tee Unplugged 2016,vpfiends,vpfiends,Coconut Beach,01-02-2026 22:34:16,60,-12,0,https://www.youtube.com/watch?v=Zzk6Xl1DaoM,https://teknoparrot.com/en/Highscore/EntrySpecificGt06?gameId=gt16&entryId=1126,3,4,3,2,3,4,2,3,4,4,4,3,4,4,4,3,3,3
Golden Tee Unplugged 2016,vpfiends,vpfiends,Coconut Beach,01-02-2026 22:24:56,70,-3,0,https://www.youtube.com/watch?v=kOOzkZgqq6Q,https://teknoparrot.com/en/Highscore/EntrySpecificGt06?gameId=gt16&entryId=1125,3,4,3,2,4,4,3,4,3,3,5,4,5,5,5,4,6,3
Golden Tee Unplugged 2016,vpfiends,vpfiends,Volcano Palms,31-01-2026 23:40:12,58,-14,0,https://www.youtube.com/watch?v=TLqwimPWzAg,https://teknoparrot.com/en/Highscore/EntrySpecificGt06?gameId=gt16&entryId=1118,3,3,3,3,4,3,4,3,2,4,4,3,3,2,3,4,2,5
Golden Tee Unplugged 2016,vpfiends,vpfiends,Hawthorne Manor,31-01-2026 23:30:57,64,-8,0,https://www.youtube.com/watch?v=MF1mSMzlGxY,https://teknoparrot.com/en/Highscore/EntrySpecificGt06?gameId=gt16&entryId=1117,3,2,5,4,3,4,5,2,3,4,3,4,4,3,3,4,5,3
Golden Tee Unplugged 2016,vpfiends,vpfiends,Coconut Beach,31-01-2026 23:19:04,60,-13,15445,https://www.youtube.com/watch?v=rSx0EmlT3ZU,https://teknoparrot.com/en/Highscore/EntrySpecificGt06?gameId=gt16&entryId=1116,3,4,3,2,3,4,2,3,3,4,4,2,5,5,5,2,3,3
Golden Tee Unplugged 2016,vpfiends,vpfiends,Turtle Island,31-01-2026 06:19:57,65,-7,0,,https://teknoparrot.com/en/Highscore/EntrySpecificGt06?gameId=gt16&entryId=1113,3,3,2,3,3,5,3,3,4,6,4,2,3,4,5,4,3,5
Golden Tee Unplugged 2016,vpfiends,vpfiends,Coconut Beach,31-01-2026 06:10:24,66,-6,8359,https://www.youtube.com/watch?v=8YOxw2kVHKA,https://teknoparrot.com/en/Highscore/EntrySpecificGt06?gameId=gt16&entryId=1112,2,3,3,3,3,5,3,2,4,3,4,4,4,4,6,4,4,5
Golden Tee Unplugged 2016,vpfiends,vpfiends,Coconut Beach,31-01-2026 04:50:18,62,-10,0,https://www.youtube.com/watch?v=myrOemgp4x0,https://teknoparrot.com/en/Highscore/EntrySpecificGt06?gameId=gt16&entryId=1109,3,3,3,2,3,3,3,3,3,3,6,3,4,3,6,3,5,3
Golden Tee Unplugged 2016,vpfiends,vpfiends,Coconut Beach,30-01-2026 23:41:19,63,-9,7134,https://www.youtube.com/watch?v=dtskmXBy-M8,https://teknoparrot.com/en/Highscore/EntrySpecificGt06?gameId=gt16&entryId=1108,4,3,4,2,4,4,3,2,3,4,4,2,4,6,5,3,3,3
Golden Tee Unplugged 2016,vpfiends,vpfiends,Grizzly Flats,29-01-2026 02:51:19,64,-8,11388,,https://teknoparrot.com/en/Highscore/EntrySpecificGt06?gameId=gt16&entryId=1104,3,3,3,4,3,2,3,5,4,3,4,3,4,4,5,2,5,4
Golden Tee Unplugged 2016,vpfiends,vpfiends,Tundra Peak,29-01-2026 02:40:29,70,-2,23092,https://www.youtube.com/watch?v=1vbluZWwhWI,https://teknoparrot.com/en/Highscore/EntrySpecificGt06?gameId=gt16&entryId=1103,3,4,5,4,4,6,3,4,3,4,3,1,4,5,3,3,3,8
Golden Tee Unplugged 2016,vpfiends,vpfiends,Cape Haven,29-01-2026 02:29:40,65,-8,0,https://www.youtube.com/watch?v=74d7XkxLGew,https://teknoparrot.com/en/Highscore/EntrySpecificGt06?gameId=gt16&entryId=1102,3,4,3,5,2,3,6,2,5,3,3,3,2,4,3,4,7,3
Golden Tee Unplugged 2016,vpfiends,vpfiends,Cape Haven,27-01-2026 02:28:48,60,-13,0,https://www.youtube.com/watch?v=jdeN6Gqhmvw,https://teknoparrot.com/en/Highscore/EntrySpecificGt06?gameId=gt16&entryId=1101,3,3,2,4,3,4,4,2,3,3,4,4,3,4,3,5,2,4
Golden Tee Unplugged 2016,vpfiends,vpfiends,Cape Haven,24-01-2026 22:19:43,65,-7,0,,https://teknoparrot.com/en/Highscore/EntrySpecificGt06?gameId=gt16&entryId=1095,3,3,2,5,4,4,4,2,3,4,4,4,2,4,4,4,5,4
Golden Tee Unplugged 2016,vpfiends,vpfiends,Cape Haven,24-01-2026 22:11:08,65,-7,0,https://www.youtube.com/watch?v=rb_hDMEYw5U,https://teknoparrot.com/en/Highscore/EntrySpecificGt06?gameId=gt16&entryId=1094,3,4,2,5,2,4,5,2,3,3,4,4,3,2,3,4,7,5
Golden Tee Unplugged 2016,vpfiends,vpfiends,Cape Haven,24-01-2026 22:02:02,65,-7,9204,https://www.youtube.com/watch?v=GZPGb3YkQaU,https://teknoparrot.com/en/Highscore/EntrySpecificGt06?gameId=gt16&entryId=1093,3,3,2,5,5,4,5,2,3,3,4,4,3,4,4,4,3,4
Golden Tee Unplugged 2016,vpfiends,vpfiends,Laurel Park,24-01-2026 04:37:25,71,-2,8892,https://www.youtube.com/watch?v=j5GlxdWRYPM,https://teknoparrot.com/en/Highscore/EntrySpecificGt06?gameId=gt16&entryId=1089,3,3,3,4,3,4,5,4,5,5,4,3,5,4,4,4,3,5
Golden Tee Unplugged 2016,vpfiends,vpfiends,Southern Oaks,24-01-2026 04:25:52,63,-9,0,https://www.youtube.com/watch?v=bCGtRGZ2fYk,https://teknoparrot.com/en/Highscore/EntrySpecificGt06?gameId=gt16&entryId=1087,3,5,2,3,4,3,3,3,4,4,4,2,4,4,5,3,3,4
Golden Tee Unplugged 2016,vpfiends,vpfiends,Cape Haven,24-01-2026 04:12:59,57,-15,0,https://www.youtube.com/watch?v=eJNpAsjPt10,https://teknoparrot.com/en/Highscore/EntrySpecificGt06?gameId=gt16&entryId=1086,3,4,2,5,2,3,3,2,3,3,4,4,3,4,3,4,2,3
Golden Tee Unplugged 2016,vpfiends,vpfiends,Sequoia Grove,23-01-2026 23:32:43,60,-12,9596,https://www.youtube.com/watch?v=aAlY9iaU-Es,https://teknoparrot.com/en/Highscore/EntrySpecificGt06?gameId=gt16&entryId=1084,2,3,3,4,3,3,3,4,4,3,4,4,3,4,3,3,4,3
Golden Tee Unplugged 2016,vpfiends,vpfiends,Elkhorn Ridge,23-01-2026 22:49:44,61,-12,0,https://www.youtube.com/watch?v=zJIHLl1ZAs8,https://teknoparrot.com/en/Highscore/EntrySpecificGt06?gameId=gt16&entryId=1083,3,3,2,5,2,2,4,2,2,4,4,3,4,3,4,6,5,3
Golden Tee Unplugged 2016,vpfiends,vpfiends,Sequoia Grove,22-01-2026 01:23:45,70,-2,0,,https://teknoparrot.com/en/Highscore/EntrySpecificGt06?gameId=gt16&entryId=1072,3,5,2,4,4,2,3,4,3,3,2,5,5,5,5,4,7,4
Golden Tee Unplugged 2016,vpfiends,vpfiends,Antelope Pass,20-01-2026 02:46:19,63,-9,16111,,https://teknoparrot.com/en/Highscore/EntrySpecificGt06?gameId=gt16&entryId=1066,3,3,2,3,4,5,2,5,3,4,3,3,2,5,4,4,5,3
Golden Tee Unplugged 2016,vpfiends,vpfiends,Antelope Pass,20-01-2026 02:35:39,67,-5,4422,,https://teknoparrot.com/en/Highscore/EntrySpecificGt06?gameId=gt16&entryId=1065,3,4,2,4,4,4,3,4,2,4,3,4,3,4,2,8,4,5
Golden Tee Unplugged 2016,vpfiends,vpfiends,Elkhorn Ridge,20-01-2026 02:25:15,59,-13,0,,https://teknoparrot.com/en/Highscore/EntrySpecificGt06?gameId=gt16&entryId=1064,4,2,2,5,2,3,4,2,3,5,3,2,4,3,4,4,3,4
Golden Tee Unplugged 2016,vpfiends,vpfiends,Sequoia Grove,18-01-2026 22:55:05,64,-8,0,,https://teknoparrot.com/en/Highscore/EntrySpecificGt06?gameId=gt16&entryId=1062,3,4,2,4,4,2,4,4,5,3,2,3,4,4,4,3,5,4
Golden Tee Unplugged 2016,vpfiends,vpfiends,Sunny Wood,17-01-2026 21:54:33,76,+4,0,,https://teknoparrot.com/en/Highscore/EntrySpecificGt06?gameId=gt16&entryId=1059,4,3,4,4,4,4,4,4,4,4,3,4,6,4,4,5,7,4
Golden Tee Unplugged 2016,vpfiends,vpfiends,Black Hills,17-01-2026 21:43:46,74,+3,0,,https://teknoparrot.com/en/Highscore/EntrySpecificGt06?gameId=gt16&entryId=1058,4,3,2,5,4,3,6,4,3,4,3,5,5,4,4,4,3,8
Golden Tee Unplugged 2016,vpfiends,vpfiends,Sequoia Grove,17-01-2026 21:32:05,65,-7,12380,,https://teknoparrot.com/en/Highscore/EntrySpecificGt06?gameId=gt16&entryId=1057,2,4,2,3,3,2,5,5,3,5,3,4,3,4,4,4,6,3
Golden Tee Unplugged 2016,vpfiends,vpfiends,Cape Haven,17-01-2026 03:23:49,61,-11,0,,https://teknoparrot.com/en/Highscore/EntrySpecificGt06?gameId=gt16&entryId=1055,3,3,2,5,4,4,3,3,3,4,4,4,3,2,3,4,3,4
Golden Tee Unplugged 2016,vpfiends,vpfiends,Bear Lodge,17-01-2026 03:13:04,67,-5,6663,,https://teknoparrot.com/en/Highscore/EntrySpecificGt06?gameId=gt16&entryId=1054,3,3,3,3,3,3,4,3,5,4,3,3,4,4,4,3,7,5
Golden Tee Unplugged 2016,vpfiends,vpfiends,Winding Pines,17-01-2026 03:01:55,63,-9,10487,,https://teknoparrot.com/en/Highscore/EntrySpecificGt06?gameId=gt16&entryId=1053,3,4,2,4,3,3,3,3,3,4,3,2,3,5,4,4,7,3
Golden Tee Unplugged 2016,vpfiends,vpfiends,Sequoia Grove,17-01-2026 02:48:23,59,-13,0,,https://teknoparrot.com/en/Highscore/EntrySpecificGt06?gameId=gt16&entryId=1052,3,3,2,3,4,2,4,4,3,4,3,5,3,4,2,3,4,3
Golden Tee Unplugged 2016,vpfiends,vpfiends,Sequoia Grove,17-01-2026 02:37:49,70,-2,0,,https://teknoparrot.com/en/Highscore/EntrySpecificGt06?gameId=gt16&entryId=1051,3,3,2,3,5,3,3,5,3,6,3,4,3,5,7,4,5,3
Golden Tee Unplugged 2016,vpfiends,vpfiends,Sequoia Grove,17-01-2026 02:27:46,67,-5,3876,,https://teknoparrot.com/en/Highscore/EntrySpecificGt06?gameId=gt16&entryId=1050,3,3,4,3,4,2,4,4,3,4,4,4,5,4,3,3,7,3
Golden Tee Unplugged 2016,vpfiends,vpfiends,Elkhorn Ridge,17-01-2026 02:14:01,59,-13,0,,https://teknoparrot.com/en/Highscore/EntrySpecificGt06?gameId=gt16&entryId=1049,3,2,2,4,3,2,3,2,3,4,4,2,5,4,3,5,4,4
Golden Tee Unplugged 2016,vpfiends,vpfiends,Eagle Crest,15-01-2026 04:00:58,68,-3,0,,https://teknoparrot.com/en/Highscore/EntrySpecificGt06?gameId=gt16&entryId=1048,4,4,2,4,4,2,4,4,4,4,3,3,5,5,2,5,5,4
Golden Tee Unplugged 2016,vpfiends,vpfiends,Bayou Bay,15-01-2026 03:49:42,66,-7,6687,,https://teknoparrot.com/en/Highscore/EntrySpecificGt06?gameId=gt16&entryId=1047,3,4,2,4,3,5,2,4,4,4,3,4,4,4,4,7,2,3
Golden Tee Unplugged 2016,vpfiends,vpfiends,Glacier Ranch,15-01-2026 03:37:11,78,+5,0,,https://teknoparrot.com/en/Highscore/EntrySpecificGt06?gameId=gt16&entryId=1046,3,5,2,6,3,4,3,5,2,5,4,4,6,6,4,5,6,5
Golden Tee Unplugged 2016,vpfiends,vpfiends,Cumberland,15-01-2026 03:25:41,66,-6,0,,https://teknoparrot.com/en/Highscore/EntrySpecificGt06?gameId=gt16&entryId=1045,3,3,2,3,3,3,4,3,4,3,3,3,4,6,3,5,3,8
Golden Tee Unplugged 2016,vpfiends,vpfiends,Kangaroo Trail,15-01-2026 03:14:52,70,-3,0,,https://teknoparrot.com/en/Highscore/EntrySpecificGt06?gameId=gt16&entryId=1044,4,3,2,5,3,2,4,5,3,8,6,3,3,3,4,6,3,3
Golden Tee Unplugged 2016,vpfiends,vpfiends,Whispering Valley,15-01-2026 03:03:08,67,-5,16878,,https://teknoparrot.com/en/Highscore/EntrySpecificGt06?gameId=gt16&entryId=1043,3,4,2,4,2,2,3,5,3,4,4,3,4,4,4,5,7,4
Golden Tee Unplugged 2016,vpfiends,vpfiends,Heather Pointe,15-01-2026 02:52:55,67,-5,0,,https://teknoparrot.com/en/Highscore/EntrySpecificGt06?gameId=gt16&entryId=1042,3,4,2,3,4,2,3,4,4,3,4,5,3,5,4,5,4,5
Golden Tee Unplugged 2016,vpfiends,vpfiends,Greek Hills,14-01-2026 21:57:26,69,-3,0,,https://teknoparrot.com/en/Highscore/EntrySpecificGt06?gameId=gt16&entryId=1041,3,3,2,4,3,4,2,5,3,3,4,7,4,3,7,5,4,3
Golden Tee Unplugged 2016,vpfiends,vpfiends,Celtic Shores,14-01-2026 21:37:29,63,-9,0,,https://teknoparrot.com/en/Highscore/EntrySpecificGt06?gameId=gt16&entryId=1040,3,4,3,3,4,4,3,5,3,4,2,3,5,3,3,4,3,4
Golden Tee Unplugged 2016,vpfiends,vpfiends,Sparkling Waters,14-01-2026 21:23:28,57,-15,3831,,https://teknoparrot.com/en/Highscore/EntrySpecificGt06?gameId=gt16&entryId=1039,3,2,2,4,3,4,2,3,5,2,3,3,4,3,4,3,4,3
Golden Tee Unplugged 2016,vpfiends,vpfiends,Jack Rabbit Junction,14-01-2026 20:39:11,60,-12,0,,https://teknoparrot.com/en/Highscore/EntrySpecificGt06?gameId=gt16&entryId=1038,3,3,3,3,3,3,3,4,4,3,3,4,3,3,3,5,3,4
Golden Tee Unplugged 2016,vpfiends,vpfiends,Jack Rabbit Junction,13-01-2026 03:32:50,65,-7,5514,,https://teknoparrot.com/en/Highscore/EntrySpecificGt06?gameId=gt16&entryId=1034,3,2,2,5,2,4,3,3,4,5,3,4,3,3,3,4,8,4
Golden Tee Unplugged 2016,vpfiends,vpfiends,Jack Rabbit Junction,13-01-2026 03:20:55,66,-6,0,,https://teknoparrot.com/en/Highscore/EntrySpecificGt06?gameId=gt16&entryId=1033,4,4,2,5,3,4,2,6,4,4,3,4,3,3,3,4,4,4
Golden Tee Unplugged 2016,vpfiends,vpfiends,Jack Rabbit Junction,13-01-2026 03:09:15,69,-3,0,,https://teknoparrot.com/en/Highscore/EntrySpecificGt06?gameId=gt16&entryId=1032,3,4,3,4,4,3,2,4,4,3,4,4,5,4,4,3,7,4
Golden Tee Unplugged 2016,vpfiends,vpfiends,Jack Rabbit Junction,13-01-2026 02:57:37,64,-8,4770,,https://teknoparrot.com/en/Highscore/EntrySpecificGt06?gameId=gt16&entryId=1031,3,2,3,4,3,3,2,4,5,4,2,6,4,3,4,4,4,4
Golden Tee Unplugged 2016,vpfiends,vpfiends,Jack Rabbit Junction,13-01-2026 02:45:17,70,-2,0,,https://teknoparrot.com/en/Highscore/EntrySpecificGt06?gameId=gt16&entryId=1030,4,3,2,5,3,4,3,3,4,6,2,5,3,3,3,4,8,5
Golden Tee Unplugged 2016,vpfiends,vpfiends,Jack Rabbit Junction,13-01-2026 02:33:18,62,-10,0,,https://teknoparrot.com/en/Highscore/EntrySpecificGt06?gameId=gt16&entryId=1029,3,4,2,5,4,3,2,3,4,3,2,3,3,4,3,4,6,4
Golden Tee Unplugged 2016,vpfiends,vpfiends,Jack Rabbit Junction,11-01-2026 00:58:45,70,-2,0,,https://teknoparrot.com/en/Highscore/EntrySpecificGt06?gameId=gt16&entryId=1024,4,3,3,4,2,3,2,5,4,5,2,4,5,4,3,4,8,5
Golden Tee Unplugged 2016,vpfiends,vpfiends,Jack Rabbit Junction,10-01-2026 22:19:12,66,-6,0,,https://teknoparrot.com/en/Highscore/EntrySpecificGt06?gameId=gt16&entryId=1022,3,4,2,4,3,4,3,5,4,4,3,3,3,4,4,4,4,5
Golden Tee Unplugged 2016,vpfiends,vpfiends,Jack Rabbit Junction,10-01-2026 21:40:06,65,-7,5749,,https://teknoparrot.com/en/Highscore/EntrySpecificGt06?gameId=gt16&entryId=1021,4,4,2,4,3,5,2,3,5,5,2,5,3,3,4,4,4,3
Golden Tee Unplugged 2016,vpfiends,vpfiends,Jack Rabbit Junction,10-01-2026 21:21:41,64,-8,0,,https://teknoparrot.com/en/Highscore/EntrySpecificGt06?gameId=gt16&entryId=1020,3,3,4,4,3,4,2,4,4,4,2,5,4,3,3,4,3,5
Golden Tee Unplugged 2016,vpfiends,vpfiends,Jack Rabbit Junction,10-01-2026 06:45:18,66,-6,0,,https://teknoparrot.com/en/Highscore/EntrySpecificGt06?gameId=gt16&entryId=1018,3,3,3,4,3,4,2,4,3,4,4,3,3,4,3,5,7,4
Golden Tee Unplugged 2016,vpfiends,vpfiends,Jack Rabbit Junction,10-01-2026 06:25:52,80,+8,0,,https://teknoparrot.com/en/Highscore/EntrySpecificGt06?gameId=gt16&entryId=1017,3,3,2,4,8,3,5,4,6,8,2,5,4,4,3,4,8,4
Golden Tee Unplugged 2017,vpfiends,vpfiends,Hawthorne Manor,04-02-2026 03:17:07,62,-10,0,,https://teknoparrot.com/en/Highscore/EntrySpecificGt06?gameId=gt17&entryId=430,4,3,3,4,3,3,4,3,3,3,4,3,4,3,4,4,3,4
Golden Tee Unplugged 2017,vpfiends,vpfiends,Greek Hills,20-01-2026 03:22:07,67,-5,0,,https://teknoparrot.com/en/Highscore/EntrySpecificGt06?gameId=gt17&entryId=379,3,3,3,4,3,3,2,4,6,4,4,3,5,3,5,4,5,3
Golden Tee Unplugged 2017,vpfiends,vpfiends,Sparkling Waters,20-01-2026 03:10:17,60,-12,0,,https://teknoparrot.com/en/Highscore/EntrySpecificGt06?gameId=gt17&entryId=378,3,3,2,4,3,4,3,3,4,2,3,4,3,3,4,3,4,5
Golden Tee Unplugged 2017,vpfiends,vpfiends,The Great Wall,17-01-2026 04:17:29,60,-12,5478,,https://teknoparrot.com/en/Highscore/EntrySpecificGt06?gameId=gt17&entryId=353,3,3,2,5,2,3,3,4,3,4,3,3,4,4,4,3,4,3
Golden Tee Unplugged 2017,vpfiends,vpfiends,Woodland Farm,17-01-2026 04:06:47,67,-5,0,,https://teknoparrot.com/en/Highscore/EntrySpecificGt06?gameId=gt17&entryId=352,3,4,3,4,4,4,2,4,3,5,2,5,4,4,3,6,2,5
Golden Tee Unplugged 2017,vpfiends,vpfiends,Grand Savannah,17-01-2026 03:55:48,60,-12,30997,,https://teknoparrot.com/en/Highscore/EntrySpecificGt06?gameId=gt17&entryId=351,3,3,3,4,2,4,3,5,3,4,2,4,2,5,2,4,4,3
Golden Tee Unplugged 2017,vpfiends,vpfiends,Summit Lakes,17-01-2026 03:45:09,71,-1,0,,https://teknoparrot.com/en/Highscore/EntrySpecificGt06?gameId=gt17&entryId=350,3,2,4,4,3,2,4,4,4,8,4,4,6,4,4,4,4,3
Golden Tee Unplugged 2017,vpfiends,vpfiends,Cypress Cove,16-01-2026 03:22:01,66,-7,0,,https://teknoparrot.com/en/Highscore/EntrySpecificGt06?gameId=gt17&entryId=341,3,4,3,4,6,2,4,4,5,3,4,4,2,4,3,3,6,2
Golden Tee Unplugged 2017,vpfiends,vpfiends,Misty Springs,16-01-2026 03:11:07,65,-7,0,,https://teknoparrot.com/en/Highscore/EntrySpecificGt06?gameId=gt17&entryId=340,3,4,3,4,3,2,4,3,4,3,4,3,6,3,4,5,3,4
Golden Tee Unplugged 2017,vpfiends,vpfiends,Glacier Ranch,16-01-2026 03:00:18,69,-4,10774,,https://teknoparrot.com/en/Highscore/EntrySpecificGt06?gameId=gt17&entryId=339,2,4,2,4,2,6,3,5,3,4,4,3,5,5,3,4,6,4
Golden Tee Unplugged 2017,vpfiends,vpfiends,Ruby Rock,16-01-2026 02:49:51,62,-10,0,,https://teknoparrot.com/en/Highscore/EntrySpecificGt06?gameId=gt17&entryId=338,5,4,3,5,3,3,4,3,4,2,4,4,3,3,4,3,2,3
Golden Tee Unplugged 2017,vpfiends,vpfiends,Volcano Palms,16-01-2026 02:40:33,66,-6,0,,https://teknoparrot.com/en/Highscore/EntrySpecificGt06?gameId=gt17&entryId=337,3,3,3,3,3,3,7,4,3,4,5,3,3,4,4,6,2,3
Golden Tee Unplugged 2017,vpfiends,vpfiends,Elkhorn Ridge,16-01-2026 02:29:22,55,-17,0,,https://teknoparrot.com/en/Highscore/EntrySpecificGt06?gameId=gt17&entryId=336,2,2,2,3,3,2,4,3,2,3,4,3,4,4,4,5,2,3
Golden Tee Unplugged 2017,vpfiends,vpfiends,Heather Pointe,14-01-2026 03:53:29,64,-8,9796,,https://teknoparrot.com/en/Highscore/EntrySpecificGt06?gameId=gt17&entryId=325,3,3,2,3,3,2,3,4,4,4,2,5,3,5,6,4,4,4
Golden Tee Unplugged 2017,vpfiends,vpfiends,Coral Vista,14-01-2026 03:42:47,70,-2,4531,,https://teknoparrot.com/en/Highscore/EntrySpecificGt06?gameId=gt17&entryId=324,4,3,3,5,3,5,5,5,3,4,5,5,2,3,3,5,4,3
Golden Tee Unplugged 2017,vpfiends,vpfiends,Pearl Lagoon,14-01-2026 03:32:40,67,-5,0,,https://teknoparrot.com/en/Highscore/EntrySpecificGt06?gameId=gt17&entryId=323,3,4,3,5,4,3,7,3,3,4,4,3,4,3,3,2,4,5
Golden Tee Unplugged 2017,vpfiends,vpfiends,Juniper Falls,14-01-2026 03:21:18,66,-6,10072,,https://teknoparrot.com/en/Highscore/EntrySpecificGt06?gameId=gt17&entryId=322,3,3,2,4,3,2,4,3,4,3,3,7,5,3,3,6,3,5
Golden Tee Unplugged 2017,vpfiends,vpfiends,Ruby Rock,14-01-2026 03:10:20,59,-13,0,,https://teknoparrot.com/en/Highscore/EntrySpecificGt06?gameId=gt17&entryId=321,3,3,2,4,3,2,3,3,4,3,4,5,3,2,3,4,3,5
Golden Tee Unplugged 2017,vpfiends,vpfiends,Tahiti Cove,14-01-2026 02:58:39,59,-13,11498,,https://teknoparrot.com/en/Highscore/EntrySpecificGt06?gameId=gt17&entryId=320,3,3,2,3,4,2,4,3,3,4,2,4,4,5,3,5,2,3
Golden Tee Unplugged 2017,vpfiends,vpfiends,Rustic Bridge,14-01-2026 02:46:17,62,-10,3102,,https://teknoparrot.com/en/Highscore/EntrySpecificGt06?gameId=gt17&entryId=319,4,2,2,4,3,3,2,2,4,5,4,5,3,3,6,3,3,4
Golden Tee Unplugged 2017,vpfiends,vpfiends,Teal Gardens,10-01-2026 05:12:15,67,-6,0,,https://teknoparrot.com/en/Highscore/EntrySpecificGt06?gameId=gt17&entryId=297,3,3,4,3,5,4,3,4,3,5,5,5,4,3,4,2,4,3
Golden Tee Unplugged 2017,vpfiends,vpfiends,Hawthorne Manor,10-01-2026 04:13:50,67,-5,0,,https://teknoparrot.com/en/Highscore/EntrySpecificGt06?gameId=gt17&entryId=296,4,3,4,4,4,3,5,3,3,4,2,5,6,3,4,4,2,4
Golden Tee Unplugged 2018,vpfiends,vpfiends,Black Hills,25-06-2026 03:38:52,58,-13,3828,https://www.youtube.com/watch?v=B-UeKEwfbFs,https://teknoparrot.com/en/Highscore/EntrySpecificGt06?gameId=gt18&entryId=1318,3,2,2,4,4,3,4,3,2,4,4,2,5,4,4,3,2,3
Golden Tee Unplugged 2018,vpfiends,vpfiends,Black Hills,25-06-2026 03:29:09,66,-5,0,https://www.youtube.com/watch?v=BEJSJFLk3O0,https://teknoparrot.com/en/Highscore/EntrySpecificGt06?gameId=gt18&entryId=1317,3,3,3,6,3,3,5,6,2,4,3,3,5,3,4,4,3,3
Golden Tee Unplugged 2018,vpfiends,vpfiends,Black Hills,25-06-2026 01:06:07,68,-3,10004,https://www.youtube.com/watch?v=iR8cWLjB6PY,https://teknoparrot.com/en/Highscore/EntrySpecificGt06?gameId=gt18&entryId=1316,3,3,3,5,5,3,6,3,2,4,3,2,6,3,4,4,2,7
Golden Tee Unplugged 2018,vpfiends,vpfiends,Black Hills,24-06-2026 04:06:38,73,+2,0,https://www.youtube.com/watch?v=X0CLhhHs02o,https://teknoparrot.com/en/Highscore/EntrySpecificGt06?gameId=gt18&entryId=1314,3,3,6,4,4,4,4,4,3,4,5,2,5,4,5,4,3,6
Golden Tee Unplugged 2018,vpfiends,vpfiends,Black Hills,23-06-2026 02:22:31,67,-4,10217,,https://teknoparrot.com/en/Highscore/EntrySpecificGt06?gameId=gt18&entryId=1312,3,2,2,4,6,3,4,4,4,3,6,4,5,5,4,3,3,2
Golden Tee Unplugged 2018,vpfiends,vpfiends,Black Hills,23-06-2026 02:12:35,72,+1,4733,https://www.youtube.com/watch?v=TysVCUFGR68,https://teknoparrot.com/en/Highscore/EntrySpecificGt06?gameId=gt18&entryId=1311,3,3,3,6,4,2,6,3,4,5,4,3,5,3,3,4,7,4
Golden Tee Unplugged 2018,vpfiends,vpfiends,Black Hills,23-06-2026 02:02:41,63,-8,10241,https://www.youtube.com/watch?v=jXsMgR-fdxg,https://teknoparrot.com/en/Highscore/EntrySpecificGt06?gameId=gt18&entryId=1310,3,3,2,3,4,3,6,3,2,3,4,4,4,5,4,4,2,4
Golden Tee Unplugged 2018,vpfiends,vpfiends,Black Hills,22-06-2026 00:51:05,67,-4,0,,https://teknoparrot.com/en/Highscore/EntrySpecificGt06?gameId=gt18&entryId=1309,3,3,2,5,4,3,4,4,3,5,4,3,6,4,4,5,2,3
Golden Tee Unplugged 2018,vpfiends,vpfiends,Black Hills,22-06-2026 00:30:26,69,-2,0,https://www.youtube.com/watch?v=6rLfsK-HdAk,https://teknoparrot.com/en/Highscore/EntrySpecificGt06?gameId=gt18&entryId=1308,4,3,4,5,4,3,5,6,2,4,3,4,5,3,4,4,2,4
Golden Tee Unplugged 2018,vpfiends,vpfiends,Greek Hills,21-06-2026 04:56:58,61,-11,0,,https://teknoparrot.com/en/Highscore/EntrySpecificGt06?gameId=gt18&entryId=1304,4,4,2,4,3,3,2,4,3,3,4,3,2,5,5,4,3,3
Golden Tee Unplugged 2018,vpfiends,vpfiends,Black Hills,21-06-2026 04:45:42,64,-7,11253,https://www.youtube.com/watch?v=b_-rTCFLh98,https://teknoparrot.com/en/Highscore/EntrySpecificGt06?gameId=gt18&entryId=1303,3,2,2,5,4,3,5,5,2,4,4,2,4,4,4,4,3,4
Golden Tee Unplugged 2018,vpfiends,vpfiends,Laurel Park,15-06-2026 02:43:13,56,-17,14414,https://www.youtube.com/watch?v=pdtyQCoWHVk,https://teknoparrot.com/en/Highscore/EntrySpecificGt06?gameId=gt18&entryId=1282,3,3,2,5,3,3,4,2,3,3,3,3,3,4,4,3,1,4
Golden Tee Unplugged 2018,vpfiends,vpfiends,Laurel Park,15-06-2026 02:33:06,62,-11,16950,https://www.youtube.com/watch?v=DOaoGwkZSss,https://teknoparrot.com/en/Highscore/EntrySpecificGt06?gameId=gt18&entryId=1281,4,3,2,4,3,3,4,2,3,3,4,2,3,5,3,3,6,5
Golden Tee Unplugged 2018,vpfiends,vpfiends,Laurel Park,14-06-2026 18:52:49,61,-12,0,,https://teknoparrot.com/en/Highscore/EntrySpecificGt06?gameId=gt18&entryId=1280,3,3,2,4,3,4,5,4,3,3,3,3,3,3,4,4,3,4
Golden Tee Unplugged 2018,vpfiends,vpfiends,Laurel Park,14-06-2026 18:43:29,66,-7,0,https://www.youtube.com/watch?v=yh73AzOcdgQ,https://teknoparrot.com/en/Highscore/EntrySpecificGt06?gameId=gt18&entryId=1279,3,3,2,4,3,3,4,2,3,4,3,3,3,6,4,4,7,5
Golden Tee Unplugged 2018,vpfiends,vpfiends,Laurel Park,13-06-2026 02:59:45,61,-12,2917,https://www.youtube.com/watch?v=9YqN4WKdxi4,https://teknoparrot.com/en/Highscore/EntrySpecificGt06?gameId=gt18&entryId=1273,3,3,2,4,3,3,4,3,3,5,3,2,3,4,3,3,5,5
Golden Tee Unplugged 2018,vpfiends,vpfiends,Laurel Park,13-06-2026 00:21:59,68,-5,0,,https://teknoparrot.com/en/Highscore/EntrySpecificGt06?gameId=gt18&entryId=1272,3,5,2,4,3,4,5,2,4,4,4,3,4,5,3,4,4,5
Golden Tee Unplugged 2018,vpfiends,vpfiends,Monument Valley,07-06-2026 04:48:45,67,-5,0,,https://teknoparrot.com/en/Highscore/EntrySpecificGt06?gameId=gt18&entryId=1265,3,3,2,3,5,2,3,5,3,4,3,4,5,4,4,5,3,6
Golden Tee Unplugged 2018,vpfiends,vpfiends,Alpine Run,07-06-2026 04:36:52,58,-14,3355,https://www.youtube.com/watch?v=wnGN_6i8fUo,https://teknoparrot.com/en/Highscore/EntrySpecificGt06?gameId=gt18&entryId=1264,3,3,2,3,4,3,3,2,4,4,3,3,3,3,4,4,3,4
Golden Tee Unplugged 2018,vpfiends,vpfiends,Alpine Run,06-06-2026 22:57:24,59,-13,0,,https://teknoparrot.com/en/Highscore/EntrySpecificGt06?gameId=gt18&entryId=1263,3,3,2,3,5,3,3,2,4,4,3,3,4,3,4,5,2,3
Golden Tee Unplugged 2018,vpfiends,vpfiends,Royal Cove,06-06-2026 22:48:02,73,+1,8356,,https://teknoparrot.com/en/Highscore/EntrySpecificGt06?gameId=gt18&entryId=1262,3,3,6,5,4,4,2,5,4,3,5,3,4,4,4,4,5,5
Golden Tee Unplugged 2018,vpfiends,vpfiends,Monument Valley,06-06-2026 22:36:14,62,-10,11080,,https://teknoparrot.com/en/Highscore/EntrySpecificGt06?gameId=gt18&entryId=1261,3,3,2,6,4,3,3,5,2,3,3,2,5,3,4,3,5,3
Golden Tee Unplugged 2018,vpfiends,vpfiends,Alpine Run,06-06-2026 18:50:38,60,-12,0,https://www.youtube.com/watch?v=78h9OVM6Hjc,https://teknoparrot.com/en/Highscore/EntrySpecificGt06?gameId=gt18&entryId=1260,3,2,2,3,3,3,3,3,5,6,3,3,3,2,6,5,2,3
Golden Tee Unplugged 2018,vpfiends,vpfiends,Alpine Run,06-06-2026 18:40:44,60,-12,0,https://www.youtube.com/watch?v=vyuxfwavU9k,https://teknoparrot.com/en/Highscore/EntrySpecificGt06?gameId=gt18&entryId=1259,3,3,2,4,4,3,4,4,4,3,3,3,3,4,3,4,3,3
Golden Tee Unplugged 2018,vpfiends,vpfiends,Alpine Run,05-06-2026 22:20:53,64,-8,20448,,https://teknoparrot.com/en/Highscore/EntrySpecificGt06?gameId=gt18&entryId=1254,3,3,2,5,3,3,3,2,7,5,3,4,3,2,4,4,4,4
Golden Tee Unplugged 2018,vpfiends,vpfiends,Alpine Run,05-06-2026 22:10:21,66,-6,3696,https://www.youtube.com/watch?v=gBjlG3o0F_c,https://teknoparrot.com/en/Highscore/EntrySpecificGt06?gameId=gt18&entryId=1253,3,3,2,5,4,3,4,3,5,4,3,4,3,3,5,5,4,3
Golden Tee Unplugged 2018,vpfiends,vpfiends,Alpine Run,05-06-2026 21:59:49,59,-13,11864,https://www.youtube.com/watch?v=XLihwOOb8J0,https://teknoparrot.com/en/Highscore/EntrySpecificGt06?gameId=gt18&entryId=1252,3,2,2,3,4,3,4,3,5,4,3,4,3,3,3,4,2,4
Golden Tee Unplugged 2018,vpfiends,vpfiends,Grand Canyon,04-06-2026 01:45:57,65,-7,0,https://www.youtube.com/watch?v=4kpDJYgvurs,https://teknoparrot.com/en/Highscore/EntrySpecificGt06?gameId=gt18&entryId=1237,3,3,2,4,3,4,5,3,3,5,4,4,3,3,4,4,4,4
Golden Tee Unplugged 2018,vpfiends,vpfiends,Grand Canyon,03-06-2026 23:30:38,64,-9,5849,https://www.youtube.com/watch?v=zeCVXvLUeRU,https://teknoparrot.com/en/Highscore/EntrySpecificGt06?gameId=gt18&entryId=1236,2,3,3,3,2,4,2,4,4,4,3,4,4,6,3,5,4,4
Golden Tee Unplugged 2018,vpfiends,vpfiends,Grand Canyon,02-06-2026 03:04:39,66,-6,9356,,https://teknoparrot.com/en/Highscore/EntrySpecificGt06?gameId=gt18&entryId=1226,3,3,2,4,3,3,2,4,4,4,4,4,3,3,4,5,4,7
Golden Tee Unplugged 2018,vpfiends,vpfiends,Grand Canyon,01-06-2026 02:22:31,59,-13,0,,https://teknoparrot.com/en/Highscore/EntrySpecificGt06?gameId=gt18&entryId=1219,3,3,2,3,2,3,4,4,4,3,2,3,4,4,3,4,3,5
Golden Tee Unplugged 2018,vpfiends,vpfiends,Grand Canyon,01-06-2026 02:11:40,64,-8,0,https://www.youtube.com/watch?v=tHxQ2tMQPO8,https://teknoparrot.com/en/Highscore/EntrySpecificGt06?gameId=gt18&entryId=1218,3,3,2,4,2,3,2,5,6,4,2,4,3,4,4,5,4,4
Golden Tee Unplugged 2018,vpfiends,vpfiends,Grand Canyon,31-05-2026 05:40:04,61,-11,0,,https://teknoparrot.com/en/Highscore/EntrySpecificGt06?gameId=gt18&entryId=1216,3,3,2,3,3,3,2,4,3,5,2,4,4,5,4,4,3,4
Golden Tee Unplugged 2018,vpfiends,vpfiends,Grand Canyon,30-05-2026 23:18:08,59,-13,3732,https://www.youtube.com/watch?v=4E9df95f0_w,https://teknoparrot.com/en/Highscore/EntrySpecificGt06?gameId=gt18&entryId=1208,3,3,3,3,2,3,2,4,3,4,3,4,3,5,4,4,2,4
Golden Tee Unplugged 2018,vpfiends,vpfiends,Grand Canyon,30-05-2026 23:07:18,66,-6,0,https://www.youtube.com/watch?v=P2VM_yTkSXg,https://teknoparrot.com/en/Highscore/EntrySpecificGt06?gameId=gt18&entryId=1207,2,3,3,4,3,4,3,4,5,4,4,3,3,4,6,4,4,3
Golden Tee Unplugged 2018,vpfiends,vpfiends,Grand Canyon,30-05-2026 22:44:43,64,-8,0,https://www.youtube.com/watch?v=hOUDvJQwfrc,https://teknoparrot.com/en/Highscore/EntrySpecificGt06?gameId=gt18&entryId=1206,3,3,2,3,3,3,2,5,3,5,2,3,4,4,4,4,5,6
Golden Tee Unplugged 2018,vpfiends,vpfiends,Grand Canyon,30-05-2026 05:21:45,66,-6,9058,,https://teknoparrot.com/en/Highscore/EntrySpecificGt06?gameId=gt18&entryId=1200,3,3,2,3,4,3,4,4,3,6,2,4,4,4,4,6,4,3
Golden Tee Unplugged 2018,vpfiends,vpfiends,Cumberland,29-05-2026 03:16:08,62,-10,0,,https://teknoparrot.com/en/Highscore/EntrySpecificGt06?gameId=gt18&entryId=1194,3,4,2,3,4,3,3,3,3,4,4,2,5,5,4,6,2,2
Golden Tee Unplugged 2018,vpfiends,vpfiends,Mystic Hills,29-05-2026 03:00:44,61,-12,27495,https://www.youtube.com/watch?v=N-H2HXqZ_nc,https://teknoparrot.com/en/Highscore/EntrySpecificGt06?gameId=gt18&entryId=1193,3,3,3,3,3,3,2,3,4,3,5,4,3,4,4,3,4,4
Golden Tee Unplugged 2018,vpfiends,vpfiends,Southern Oaks,28-05-2026 00:52:30,60,-12,6834,https://www.youtube.com/watch?v=9gt_ExLhveI,https://teknoparrot.com/en/Highscore/EntrySpecificGt06?gameId=gt18&entryId=1188,3,4,2,2,3,2,3,5,4,4,3,2,3,4,5,4,4,3
Golden Tee Unplugged 2018,vpfiends,vpfiends,Southern Oaks,27-05-2026 05:30:18,62,-10,12035,https://www.youtube.com/watch?v=RDmt14TRC5A,https://teknoparrot.com/en/Highscore/EntrySpecificGt06?gameId=gt18&entryId=1177,3,4,2,4,3,3,3,3,5,3,3,3,3,4,5,3,3,5
Golden Tee Unplugged 2018,vpfiends,vpfiends,Southern Oaks,27-05-2026 05:19:23,65,-7,0,https://www.youtube.com/watch?v=Qzfjpm4PzS8,https://teknoparrot.com/en/Highscore/EntrySpecificGt06?gameId=gt18&entryId=1176,3,4,2,4,4,3,3,4,4,4,4,3,3,2,5,4,4,5
Golden Tee Unplugged 2018,vpfiends,vpfiends,Southern Oaks,26-05-2026 03:58:22,61,-11,0,,https://teknoparrot.com/en/Highscore/EntrySpecificGt06?gameId=gt18&entryId=1161,3,4,3,3,3,4,3,4,4,3,3,2,4,2,4,3,4,5
Golden Tee Unplugged 2018,vpfiends,vpfiends,Southern Oaks,23-05-2026 02:11:38,63,-9,10615,,https://teknoparrot.com/en/Highscore/EntrySpecificGt06?gameId=gt18&entryId=1132,3,4,2,3,3,4,4,3,5,3,3,3,5,4,5,3,4,2
Golden Tee Unplugged 2018,vpfiends,vpfiends,Southern Oaks,23-05-2026 02:01:31,63,-9,0,https://www.youtube.com/watch?v=Nj-HTNkol8E,https://teknoparrot.com/en/Highscore/EntrySpecificGt06?gameId=gt18&entryId=1131,3,4,3,3,4,2,3,4,3,5,3,2,3,3,5,3,3,7
Golden Tee Unplugged 2018,vpfiends,vpfiends,The Great Wall,22-05-2026 02:36:19,53,-19,6841,https://www.youtube.com/watch?v=hMBvMgQ_wwA,https://teknoparrot.com/en/Highscore/EntrySpecificGt06?gameId=gt18&entryId=1121,3,3,2,4,3,3,2,3,3,3,3,2,4,3,4,3,2,3
Golden Tee Unplugged 2018,vpfiends,vpfiends,The Great Wall,21-05-2026 01:43:44,63,-9,0,,https://teknoparrot.com/en/Highscore/EntrySpecificGt06?gameId=gt18&entryId=1114,3,3,3,5,3,3,3,4,2,4,3,2,4,3,5,7,3,3
Golden Tee Unplugged 2018,vpfiends,vpfiends,The Great Wall,20-05-2026 03:01:26,57,-15,0,,https://teknoparrot.com/en/Highscore/EntrySpecificGt06?gameId=gt18&entryId=1109,3,3,2,4,2,3,2,4,3,3,3,3,4,4,5,4,3,2
Golden Tee Unplugged 2018,vpfiends,vpfiends,The Great Wall,19-05-2026 02:21:28,57,-15,11810,https://www.youtube.com/watch?v=MMexI9puv04,https://teknoparrot.com/en/Highscore/EntrySpecificGt06?gameId=gt18&entryId=1102,3,4,2,4,3,3,2,4,3,3,4,2,4,3,5,3,3,2
Golden Tee Unplugged 2018,vpfiends,vpfiends,The Great Wall,18-05-2026 03:38:29,60,-12,0,,https://teknoparrot.com/en/Highscore/EntrySpecificGt06?gameId=gt18&entryId=1097,3,4,2,4,2,3,3,5,3,4,3,3,3,3,5,5,3,2
Golden Tee Unplugged 2018,vpfiends,vpfiends,The Great Wall,17-05-2026 20:59:16,67,-5,0,,https://teknoparrot.com/en/Highscore/EntrySpecificGt06?gameId=gt18&entryId=1094,3,3,3,5,3,4,4,4,3,4,3,3,4,3,6,4,5,3
Golden Tee Unplugged 2018,vpfiends,vpfiends,The Great Wall,17-05-2026 20:50:28,57,-15,0,https://www.youtube.com/watch?v=s_3B3tpw6P8,https://teknoparrot.com/en/Highscore/EntrySpecificGt06?gameId=gt18&entryId=1093,3,4,3,4,2,3,2,4,2,3,3,2,4,3,6,5,2,2
Golden Tee Unplugged 2018,vpfiends,vpfiends,The Great Wall,17-05-2026 20:31:03,57,-15,0,https://www.youtube.com/watch?v=c7aUbw45b54,https://teknoparrot.com/en/Highscore/EntrySpecificGt06?gameId=gt18&entryId=1092,3,3,3,3,3,3,2,4,2,4,3,3,4,2,4,5,3,3
Golden Tee Unplugged 2018,vpfiends,vpfiends,The Great Wall,16-05-2026 01:52:39,58,-14,16252,https://www.youtube.com/watch?v=Clgd9mSAtM8,https://teknoparrot.com/en/Highscore/EntrySpecificGt06?gameId=gt18&entryId=1077,3,4,2,4,2,3,3,4,3,3,4,3,4,3,4,3,2,4
Golden Tee Unplugged 2018,vpfiends,vpfiends,Misty Springs,15-05-2026 03:07:14,71,-1,3955,,https://teknoparrot.com/en/Highscore/EntrySpecificGt06?gameId=gt18&entryId=1066,3,4,2,5,3,2,4,3,3,4,4,3,6,5,3,5,5,7
Golden Tee Unplugged 2018,vpfiends,vpfiends,Misty Springs,15-05-2026 02:56:42,68,-4,0,https://www.youtube.com/watch?v=DSeF3NF5MF4,https://teknoparrot.com/en/Highscore/EntrySpecificGt06?gameId=gt18&entryId=1065,3,4,2,3,5,3,5,3,3,4,5,2,6,4,3,6,3,4
Golden Tee Unplugged 2018,vpfiends,vpfiends,Misty Springs,14-05-2026 03:53:17,69,-3,0,,https://teknoparrot.com/en/Highscore/EntrySpecificGt06?gameId=gt18&entryId=1052,3,4,3,5,4,2,5,3,4,4,6,3,4,5,3,4,3,4
Golden Tee Unplugged 2018,vpfiends,vpfiends,Misty Springs,13-05-2026 03:32:20,62,-10,0,https://www.youtube.com/watch?v=9dnqn9PTgzQ,https://teknoparrot.com/en/Highscore/EntrySpecificGt06?gameId=gt18&entryId=1038,4,3,2,3,4,2,4,3,3,4,4,3,4,4,3,4,5,3
Golden Tee Unplugged 2018,vpfiends,vpfiends,Misty Springs,12-05-2026 02:10:17,68,-4,0,https://www.youtube.com/watch?v=_KgGTN3Ibm4,https://teknoparrot.com/en/Highscore/EntrySpecificGt06?gameId=gt18&entryId=1024,4,3,3,4,4,4,4,3,4,3,4,2,5,5,4,4,3,5
Golden Tee Unplugged 2018,vpfiends,vpfiends,Misty Springs,12-05-2026 02:00:13,66,-6,0,https://www.youtube.com/watch?v=a6k_TiCOkL8,https://teknoparrot.com/en/Highscore/EntrySpecificGt06?gameId=gt18&entryId=1023,4,4,3,3,2,2,5,3,3,3,4,3,6,4,4,6,3,4
Golden Tee Unplugged 2018,vpfiends,vpfiends,Misty Springs,11-05-2026 01:56:39,65,-7,17033,https://www.youtube.com/watch?v=08_JyfRhbaU,https://teknoparrot.com/en/Highscore/EntrySpecificGt06?gameId=gt18&entryId=1007,4,2,2,5,4,2,5,3,3,4,6,3,4,4,3,4,3,4
Golden Tee Unplugged 2018,vpfiends,vpfiends,Sparkling Waters,09-05-2026 21:09:05,80,+8,0,,https://teknoparrot.com/en/Highscore/EntrySpecificGt06?gameId=gt18&entryId=999,6,3,2,6,4,5,3,5,5,4,3,5,3,6,6,3,6,5
Golden Tee Unplugged 2018,vpfiends,vpfiends,Misty Springs,09-05-2026 04:17:59,66,-6,0,https://www.youtube.com/watch?v=D4z1ZJ0NH8c,https://teknoparrot.com/en/Highscore/EntrySpecificGt06?gameId=gt18&entryId=996,2,4,2,4,3,3,5,3,4,4,5,3,5,4,4,4,3,4
Golden Tee Unplugged 2018,vpfiends,vpfiends,Alpine Run,04-05-2026 02:58:58,63,-9,5582,,https://teknoparrot.com/en/Highscore/EntrySpecificGt06?gameId=gt18&entryId=934,3,2,2,3,4,5,3,3,4,3,3,3,5,3,5,5,4,3
Golden Tee Unplugged 2018,vpfiends,vpfiends,Calypso Key,04-05-2026 02:48:32,63,-10,5714,https://www.youtube.com/watch?v=RCtwFConVk4,https://teknoparrot.com/en/Highscore/EntrySpecificGt06?gameId=gt18&entryId=933,4,3,3,4,2,3,5,3,3,3,3,5,3,5,4,3,4,3
Golden Tee Unplugged 2018,vpfiends,vpfiends,Alpine Run,03-05-2026 21:41:55,62,-10,9744,https://www.youtube.com/watch?v=zwPrwUOeot0,https://teknoparrot.com/en/Highscore/EntrySpecificGt06?gameId=gt18&entryId=931,3,3,3,3,4,5,4,3,5,3,3,5,3,2,4,4,2,3
Golden Tee Unplugged 2018,vpfiends,vpfiends,Alpine Run,03-05-2026 04:07:26,62,-10,0,https://www.youtube.com/watch?v=VGq_X5XVyUI,https://teknoparrot.com/en/Highscore/EntrySpecificGt06?gameId=gt18&entryId=926,3,3,2,5,3,4,4,2,4,3,3,4,3,4,4,5,3,3
Golden Tee Unplugged 2018,vpfiends,vpfiends,Alpine Run,03-05-2026 00:47:58,73,+1,5654,,https://teknoparrot.com/en/Highscore/EntrySpecificGt06?gameId=gt18&entryId=922,3,3,2,6,4,4,5,3,5,4,4,5,4,3,5,5,4,4
Golden Tee Unplugged 2018,vpfiends,vpfiends,Alpine Run,02-05-2026 22:22:49,64,-8,0,https://www.youtube.com/watch?v=ozEt3LHecb8,https://teknoparrot.com/en/Highscore/EntrySpecificGt06?gameId=gt18&entryId=920,4,2,3,4,4,4,5,3,4,3,3,5,3,3,3,3,4,4
Golden Tee Unplugged 2018,vpfiends,vpfiends,Alpine Run,02-05-2026 22:11:17,63,-9,2556,https://www.youtube.com/watch?v=YhsMUfWN0nA,https://teknoparrot.com/en/Highscore/EntrySpecificGt06?gameId=gt18&entryId=919,3,2,2,3,4,3,4,3,5,3,3,5,5,3,4,4,4,3
Golden Tee Unplugged 2018,vpfiends,vpfiends,Falcon Sands,30-04-2026 01:06:22,62,-10,0,https://www.youtube.com/watch?v=TwlY_bGWdLM,https://teknoparrot.com/en/Highscore/EntrySpecificGt06?gameId=gt18&entryId=905,3,2,2,4,4,4,3,3,4,5,3,4,4,3,4,4,4,2
Golden Tee Unplugged 2018,vpfiends,vpfiends,Falcon Sands,30-04-2026 00:56:45,71,-1,7760,https://www.youtube.com/watch?v=pSDee42xGgk,https://teknoparrot.com/en/Highscore/EntrySpecificGt06?gameId=gt18&entryId=904,3,2,3,5,3,3,3,3,5,4,2,4,9,3,5,4,3,7
Golden Tee Unplugged 2018,vpfiends,vpfiends,Falcon Sands,25-04-2026 22:28:11,57,-15,0,https://www.youtube.com/watch?v=2kRYAKo1_y8,https://teknoparrot.com/en/Highscore/EntrySpecificGt06?gameId=gt18&entryId=875,3,2,3,4,3,3,3,3,3,4,3,4,3,3,3,4,3,3
Golden Tee Unplugged 2018,vpfiends,vpfiends,Falcon Sands,25-04-2026 08:15:17,60,-12,31630,https://www.youtube.com/watch?v=uU64zAK_QHU,https://teknoparrot.com/en/Highscore/EntrySpecificGt06?gameId=gt18&entryId=870,3,1,3,4,4,3,3,3,4,3,3,4,5,3,5,4,2,3
Golden Tee Unplugged 2018,vpfiends,vpfiends,Falcon Sands,25-04-2026 08:03:19,64,-8,0,https://www.youtube.com/watch?v=iTR1f19FNas,https://teknoparrot.com/en/Highscore/EntrySpecificGt06?gameId=gt18&entryId=869,3,3,3,5,3,3,3,2,5,3,3,4,5,4,4,4,3,4
Golden Tee Unplugged 2018,vpfiends,vpfiends,Mayfield,18-04-2026 03:21:19,55,-17,0,https://www.youtube.com/watch?v=Dno0ctGZgUw,https://teknoparrot.com/en/Highscore/EntrySpecificGt06?gameId=gt18&entryId=791,2,3,2,2,3,2,4,3,3,2,3,5,4,2,5,4,4,2
Golden Tee Unplugged 2018,vpfiends,vpfiends,Mayfield,18-04-2026 01:28:39,56,-16,0,https://www.youtube.com/watch?v=QBEsQOdn8Tg,https://teknoparrot.com/en/Highscore/EntrySpecificGt06?gameId=gt18&entryId=788,3,4,3,2,3,2,5,3,4,4,4,3,3,3,4,2,2,2
Golden Tee Unplugged 2018,vpfiends,vpfiends,Safari Dunes,11-04-2026 04:17:43,58,-13,0,https://www.youtube.com/watch?v=Q30Cv6eyVMM,https://teknoparrot.com/en/Highscore/EntrySpecificGt06?gameId=gt18&entryId=741,3,3,2,3,4,2,4,4,2,2,2,4,3,3,6,3,3,5
Golden Tee Unplugged 2018,vpfiends,vpfiends,Ruby Rock,08-04-2026 03:33:21,60,-12,4004,https://www.youtube.com/watch?v=1OYUYqk1wik,https://teknoparrot.com/en/Highscore/EntrySpecificGt06?gameId=gt18&entryId=721,3,3,2,5,2,2,4,3,4,4,3,5,4,3,4,3,2,4
Golden Tee Unplugged 2018,vpfiends,vpfiends,Sparkling Waters,28-03-2026 21:02:41,63,-9,0,https://www.youtube.com/watch?v=i71H0caMgSk,https://teknoparrot.com/en/Highscore/EntrySpecificGt06?gameId=gt18&entryId=632,3,3,2,5,3,4,3,4,4,3,3,4,3,3,5,3,5,3
Golden Tee Unplugged 2018,vpfiends,vpfiends,Rattlesnake Ridge,22-03-2026 21:33:11,63,-9,0,https://www.youtube.com/watch?v=QwabBoqN7jQ,https://teknoparrot.com/en/Highscore/EntrySpecificGt06?gameId=gt18&entryId=573,3,3,5,3,2,4,4,3,3,3,3,5,2,3,3,4,4,6
Golden Tee Unplugged 2018,vpfiends,vpfiends,Mystic Hills,21-03-2026 02:46:48,64,-9,3864,https://www.youtube.com/watch?v=EAulS9HD4X8,https://teknoparrot.com/en/Highscore/EntrySpecificGt06?gameId=gt18&entryId=559,3,4,3,2,3,3,3,4,4,3,4,5,3,4,4,5,3,4
Golden Tee Unplugged 2018,vpfiends,vpfiends,Rattlesnake Ridge,21-03-2026 02:33:58,62,-10,0,https://www.youtube.com/watch?v=bMk5FyVM34A,https://teknoparrot.com/en/Highscore/EntrySpecificGt06?gameId=gt18&entryId=558,3,3,4,3,2,3,4,3,3,4,4,4,3,5,3,3,6,2
Golden Tee Unplugged 2018,vpfiends,vpfiends,Rhineland,20-03-2026 00:52:14,62,-10,2865,https://www.youtube.com/watch?v=YosS5-JA75M,https://teknoparrot.com/en/Highscore/EntrySpecificGt06?gameId=gt18&entryId=554,2,5,3,2,3,6,3,4,4,2,4,5,2,4,3,4,3,3
Golden Tee Unplugged 2018,vpfiends,vpfiends,Sparkling Waters,19-03-2026 01:07:05,61,-11,4134,https://www.youtube.com/watch?v=BRliox95byc,https://teknoparrot.com/en/Highscore/EntrySpecificGt06?gameId=gt18&entryId=547,3,3,2,4,3,4,2,4,4,3,3,3,3,3,5,4,5,3
Golden Tee Unplugged 2018,vpfiends,vpfiends,Rhineland,19-03-2026 00:56:27,64,-8,0,https://www.youtube.com/watch?v=1WfpghHATkU,https://teknoparrot.com/en/Highscore/EntrySpecificGt06?gameId=gt18&entryId=546,2,3,3,3,3,3,3,4,5,2,3,5,4,5,4,6,2,4
Golden Tee Unplugged 2018,vpfiends,vpfiends,Rhineland,19-03-2026 00:46:04,59,-14,0,https://www.youtube.com/watch?v=QcU3hmPI9Sc,https://teknoparrot.com/en/Highscore/EntrySpecificGt06?gameId=gt18&entryId=545,2,3,4,2,4,3,2,4,4,2,3,4,2,4,5,4,3,4
Golden Tee Unplugged 2018,vpfiends,vpfiends,Rhineland,15-03-2026 03:58:11,58,-14,0,https://www.youtube.com/watch?v=MKOwi0d77oI,https://teknoparrot.com/en/Highscore/EntrySpecificGt06?gameId=gt18&entryId=527,2,3,4,2,3,3,2,5,3,2,4,4,2,4,4,4,3,4
Golden Tee Unplugged 2018,vpfiends,vpfiends,Rhineland,14-03-2026 04:48:18,61,-11,17259,,https://teknoparrot.com/en/Highscore/EntrySpecificGt06?gameId=gt18&entryId=522,3,4,4,2,3,3,2,4,4,2,4,4,2,4,3,4,4,5
Golden Tee Unplugged 2018,vpfiends,vpfiends,Highland Links,14-03-2026 03:37:09,83,+10,0,https://www.youtube.com/watch?v=xUsZtilGRes,https://teknoparrot.com/en/Highscore/EntrySpecificGt06?gameId=gt18&entryId=520,2,4,6,5,4,4,6,5,3,5,4,3,6,4,7,4,4,7
Golden Tee Unplugged 2018,vpfiends,vpfiends,Safari Dunes,08-03-2026 21:11:59,52,-19,17564,https://www.youtube.com/watch?v=79xNh5erpp0,https://teknoparrot.com/en/Highscore/EntrySpecificGt06?gameId=gt18&entryId=459,3,3,2,3,2,2,3,4,4,2,2,4,3,4,3,3,3,2
Golden Tee Unplugged 2018,vpfiends,vpfiends,Safari Dunes,07-03-2026 03:38:42,62,-9,0,https://www.youtube.com/watch?v=PGYCp-x7qMg,https://teknoparrot.com/en/Highscore/EntrySpecificGt06?gameId=gt18&entryId=418,3,3,3,2,3,5,4,3,5,3,3,3,2,2,5,5,3,5
Golden Tee Unplugged 2018,vpfiends,vpfiends,Safari Dunes,07-03-2026 03:29:08,62,-9,0,https://www.youtube.com/watch?v=4nPTAXACpDU,https://teknoparrot.com/en/Highscore/EntrySpecificGt06?gameId=gt18&entryId=417,3,4,3,2,5,4,5,6,3,3,2,4,2,3,5,3,3,2
Golden Tee Unplugged 2018,vpfiends,vpfiends,Desert Valley Resort,06-03-2026 03:27:33,60,-12,8687,https://www.youtube.com/watch?v=0zCeyqIf59Q,https://teknoparrot.com/en/Highscore/EntrySpecificGt06?gameId=gt18&entryId=397,3,2,2,5,3,3,4,4,3,4,3,3,3,4,3,5,3,3
Golden Tee Unplugged 2018,vpfiends,vpfiends,Teal Gardens,06-03-2026 03:16:47,60,-13,0,https://www.youtube.com/watch?v=tNYhUmH1Mgc,https://teknoparrot.com/en/Highscore/EntrySpecificGt06?gameId=gt18&entryId=396,3,3,3,2,3,3,3,4,3,4,3,4,2,4,5,4,3,4
Golden Tee Unplugged 2018,vpfiends,vpfiends,Teal Gardens,04-03-2026 03:51:23,57,-16,0,https://www.youtube.com/watch?v=bU_6EtcXdZs,https://teknoparrot.com/en/Highscore/EntrySpecificGt06?gameId=gt18&entryId=385,3,3,3,2,4,2,3,4,2,4,2,4,2,3,5,3,3,5
Golden Tee Unplugged 2018,vpfiends,vpfiends,Teal Gardens,03-03-2026 23:31:34,58,-15,0,https://www.youtube.com/watch?v=5wlner1u8T8,https://teknoparrot.com/en/Highscore/EntrySpecificGt06?gameId=gt18&entryId=380,3,3,3,3,3,4,2,5,4,3,3,3,3,3,3,3,3,4
Golden Tee Unplugged 2018,vpfiends,vpfiends,Sandy Reef,03-03-2026 23:22:56,55,-18,0,https://www.youtube.com/watch?v=QGO5_FYJuRY,https://teknoparrot.com/en/Highscore/EntrySpecificGt06?gameId=gt18&entryId=379,3,3,4,2,2,3,3,3,3,2,3,3,3,3,4,4,4,3
Golden Tee Unplugged 2018,vpfiends,vpfiends,Teal Gardens,03-03-2026 22:45:59,57,-16,10474,https://www.youtube.com/watch?v=Il84Qg-XFxg,https://teknoparrot.com/en/Highscore/EntrySpecificGt06?gameId=gt18&entryId=378,3,4,3,3,3,2,2,3,3,4,2,3,2,5,4,3,3,5
Golden Tee Unplugged 2018,vpfiends,vpfiends,Teal Gardens,03-03-2026 02:04:03,55,-18,13415,https://www.youtube.com/watch?v=i6_EJjE8Qkc,https://teknoparrot.com/en/Highscore/EntrySpecificGt06?gameId=gt18&entryId=372,3,3,3,2,3,3,2,4,3,3,2,4,2,4,5,4,3,2
Golden Tee Unplugged 2018,vpfiends,vpfiends,Teal Gardens,01-03-2026 23:29:43,65,-8,0,,https://teknoparrot.com/en/Highscore/EntrySpecificGt06?gameId=gt18&entryId=355,3,3,4,2,5,3,3,4,3,3,2,4,6,3,7,2,4,4
Golden Tee Unplugged 2018,vpfiends,vpfiends,Teal Gardens,01-03-2026 22:30:32,54,-19,0,https://www.youtube.com/watch?v=X3NlkZ6dZfQ,https://teknoparrot.com/en/Highscore/EntrySpecificGt06?gameId=gt18&entryId=353,3,3,3,2,4,3,2,4,3,3,3,4,3,3,3,2,3,3
Golden Tee Unplugged 2018,vpfiends,vpfiends,Teal Gardens,28-02-2026 21:58:18,56,-17,0,https://www.youtube.com/watch?v=8k-thR_146I,https://teknoparrot.com/en/Highscore/EntrySpecificGt06?gameId=gt18&entryId=329,3,4,3,3,4,2,2,4,3,4,2,3,2,3,4,2,3,5
Golden Tee Unplugged 2018,vpfiends,vpfiends,Teal Gardens,28-02-2026 21:40:36,58,-15,0,https://www.youtube.com/watch?v=HRm2zp6BPaw,https://teknoparrot.com/en/Highscore/EntrySpecificGt06?gameId=gt18&entryId=328,3,4,3,3,4,2,2,4,2,3,3,4,3,3,7,3,3,2
Golden Tee Unplugged 2018,vpfiends,vpfiends,Teal Gardens,28-02-2026 21:31:56,65,-8,0,https://www.youtube.com/watch?v=0QeG93OQj0Y,https://teknoparrot.com/en/Highscore/EntrySpecificGt06?gameId=gt18&entryId=327,3,3,3,3,5,2,3,4,3,3,4,6,4,4,5,3,5,2
Golden Tee Unplugged 2018,vpfiends,vpfiends,Teal Gardens,28-02-2026 04:37:36,58,-15,9272,https://www.youtube.com/watch?v=ZlWowCs5lGA,https://teknoparrot.com/en/Highscore/EntrySpecificGt06?gameId=gt18&entryId=317,3,3,3,3,3,2,3,4,4,4,1,4,3,5,5,3,3,2
Golden Tee Unplugged 2018,vpfiends,vpfiends,Teal Gardens,28-02-2026 04:28:00,60,-13,0,https://www.youtube.com/watch?v=rT0Q8H-_u1g,https://teknoparrot.com/en/Highscore/EntrySpecificGt06?gameId=gt18&entryId=316,3,3,3,2,4,2,3,5,3,4,2,4,2,3,5,5,4,3
Golden Tee Unplugged 2018,vpfiends,vpfiends,Teal Gardens,27-02-2026 22:54:23,61,-12,0,https://www.youtube.com/watch?v=pqwQesDSl34,https://teknoparrot.com/en/Highscore/EntrySpecificGt06?gameId=gt18&entryId=309,3,3,3,2,3,2,2,4,4,4,3,4,3,4,6,4,3,4
Golden Tee Unplugged 2018,vpfiends,vpfiends,Teal Gardens,27-02-2026 22:23:36,61,-12,0,https://www.youtube.com/watch?v=9kpZa2fglh0,https://teknoparrot.com/en/Highscore/EntrySpecificGt06?gameId=gt18&entryId=308,3,3,3,2,4,3,3,4,3,4,3,5,3,3,6,3,4,2
Golden Tee Unplugged 2018,vpfiends,vpfiends,Calypso Key,25-02-2026 21:36:35,63,-10,0,https://www.youtube.com/watch?v=YJSgIDVfK64,https://teknoparrot.com/en/Highscore/EntrySpecificGt06?gameId=gt18&entryId=281,4,3,3,3,3,3,6,3,3,4,3,4,2,5,4,2,4,4
Golden Tee Unplugged 2018,vpfiends,vpfiends,Calypso Key,23-02-2026 00:24:13,60,-13,0,https://www.youtube.com/watch?v=GfU3tIsNsUI,https://teknoparrot.com/en/Highscore/EntrySpecificGt06?gameId=gt18&entryId=264,3,3,3,3,3,3,3,3,3,4,3,4,3,4,5,2,4,4
Golden Tee Unplugged 2018,vpfiends,vpfiends,Calypso Key,23-02-2026 00:14:33,59,-14,21645,https://www.youtube.com/watch?v=DdfhAbVMEmE,https://teknoparrot.com/en/Highscore/EntrySpecificGt06?gameId=gt18&entryId=263,3,4,2,4,3,2,3,3,2,4,3,4,2,5,4,3,4,4
Golden Tee Unplugged 2018,vpfiends,vpfiends,Calypso Key,23-02-2026 00:04:45,69,-4,0,https://www.youtube.com/watch?v=2yxmlmO1clo,https://teknoparrot.com/en/Highscore/EntrySpecificGt06?gameId=gt18&entryId=262,3,4,4,3,3,4,3,3,5,4,4,4,3,4,5,3,6,4
Golden Tee Unplugged 2018,vpfiends,vpfiends,Calypso Key,21-02-2026 23:39:23,57,-16,0,https://www.youtube.com/watch?v=je-JIqVZZuk,https://teknoparrot.com/en/Highscore/EntrySpecificGt06?gameId=gt18&entryId=251,3,3,2,3,3,2,3,4,2,4,3,5,2,4,4,3,3,4
Golden Tee Unplugged 2018,vpfiends,vpfiends,Calypso Key,21-02-2026 01:27:41,62,-11,0,https://www.youtube.com/watch?v=yKenjhQXQyg,https://teknoparrot.com/en/Highscore/EntrySpecificGt06?gameId=gt18&entryId=238,3,4,3,3,3,2,4,4,3,3,3,4,2,5,4,4,3,5
Golden Tee Unplugged 2018,vpfiends,vpfiends,Calypso Key,21-02-2026 01:08:10,64,-9,3198,https://www.youtube.com/watch?v=QPP9w1q5OMY,https://teknoparrot.com/en/Highscore/EntrySpecificGt06?gameId=gt18&entryId=236,2,4,2,7,3,3,3,3,2,4,4,4,2,5,4,2,4,6
Golden Tee Unplugged 2018,vpfiends,vpfiends,Calypso Key,20-02-2026 22:51:14,64,-9,0,,https://teknoparrot.com/en/Highscore/EntrySpecificGt06?gameId=gt18&entryId=235,4,3,2,4,4,2,3,4,2,3,4,6,3,3,5,4,4,4
Golden Tee Unplugged 2018,vpfiends,vpfiends,Royal Dubai,16-02-2026 01:17:53,59,-13,0,,https://teknoparrot.com/en/Highscore/EntrySpecificGt06?gameId=gt18&entryId=189,3,3,4,2,4,4,2,4,3,4,2,2,4,4,3,2,5,4
Golden Tee Unplugged 2018,vpfiends,vpfiends,Royal Dubai,16-02-2026 01:07:16,58,-14,0,https://www.youtube.com/watch?v=zXOLbCPdJzo,https://teknoparrot.com/en/Highscore/EntrySpecificGt06?gameId=gt18&entryId=188,3,3,4,2,4,3,4,4,3,3,2,2,4,3,3,3,4,4
Golden Tee Unplugged 2018,vpfiends,vpfiends,Royal Dubai,16-02-2026 00:58:04,61,-11,0,https://www.youtube.com/watch?v=9NIITLlIQOM,https://teknoparrot.com/en/Highscore/EntrySpecificGt06?gameId=gt18&entryId=186,3,4,4,4,3,3,3,4,4,3,3,2,4,3,3,4,2,5
Golden Tee Unplugged 2018,vpfiends,vpfiends,Rattlesnake Ridge,15-02-2026 21:53:12,66,-6,14240,https://www.youtube.com/watch?v=mSFbPvBFI84,https://teknoparrot.com/en/Highscore/EntrySpecificGt06?gameId=gt18&entryId=184,3,5,3,3,2,5,4,3,2,5,4,6,3,5,4,4,3,2
Golden Tee Unplugged 2018,vpfiends,vpfiends,Royal Dubai,15-02-2026 21:42:41,64,-8,3461,https://www.youtube.com/watch?v=eQ2bws8EGXY,https://teknoparrot.com/en/Highscore/EntrySpecificGt06?gameId=gt18&entryId=183,3,3,5,3,4,3,2,4,4,4,2,4,4,2,4,3,3,7
Golden Tee Unplugged 2018,vpfiends,vpfiends,Royal Dubai,14-02-2026 22:48:16,67,-5,0,,https://teknoparrot.com/en/Highscore/EntrySpecificGt06?gameId=gt18&entryId=173,4,4,4,2,4,3,4,3,5,2,3,4,5,4,3,3,2,8
Golden Tee Unplugged 2018,vpfiends,vpfiends,Royal Cove,14-02-2026 05:31:19,68,-4,6417,https://www.youtube.com/watch?v=YB_UeyeEu6s,https://teknoparrot.com/en/Highscore/EntrySpecificGt06?gameId=gt18&entryId=158,3,3,2,6,4,3,3,6,4,4,5,2,5,5,4,2,4,3
Golden Tee Unplugged 2018,vpfiends,vpfiends,Rocky Hollow,14-02-2026 05:11:48,59,-13,5749,https://www.youtube.com/watch?v=D5RjEVBjkpk,https://teknoparrot.com/en/Highscore/EntrySpecificGt06?gameId=gt18&entryId=157,3,3,2,5,4,2,6,3,2,4,4,2,4,3,3,3,3,3
Golden Tee Unplugged 2018,vpfiends,vpfiends,Pine Coast,14-02-2026 05:00:50,63,-9,0,https://www.youtube.com/watch?v=IiasusbH-DQ,https://teknoparrot.com/en/Highscore/EntrySpecificGt06?gameId=gt18&entryId=156,3,2,3,4,3,4,3,2,2,3,3,4,5,4,4,8,3,3
Golden Tee Unplugged 2018,vpfiends,vpfiends,Royal Dubai,14-02-2026 04:49:24,62,-10,4096,https://www.youtube.com/watch?v=gU_zHQxFrv4,https://teknoparrot.com/en/Highscore/EntrySpecificGt06?gameId=gt18&entryId=155,3,4,4,2,3,3,2,3,4,3,3,3,4,2,3,4,4,8
Golden Tee Unplugged 2018,vpfiends,vpfiends,Royal Dubai,14-02-2026 02:46:12,56,-16,4008,https://www.youtube.com/watch?v=QmzAi_DhLGk,https://teknoparrot.com/en/Highscore/EntrySpecificGt06?gameId=gt18&entryId=154,3,3,4,2,3,2,2,4,3,4,3,2,5,3,3,3,3,4
Golden Tee Unplugged 2018,vpfiends,vpfiends,Safari Dunes,14-02-2026 02:35:51,53,-18,0,https://www.youtube.com/watch?v=uzvCehoD81E,https://teknoparrot.com/en/Highscore/EntrySpecificGt06?gameId=gt18&entryId=153,3,3,3,2,4,2,5,3,2,2,4,3,2,3,4,3,2,3
Golden Tee Unplugged 2018,vpfiends,vpfiends,Royal Dubai,13-02-2026 03:30:41,60,-12,3890,https://www.youtube.com/watch?v=A2FYGc4dtUU,https://teknoparrot.com/en/Highscore/EntrySpecificGt06?gameId=gt18&entryId=148,3,5,2,2,3,3,4,4,4,3,3,2,5,3,3,4,3,4
Golden Tee Unplugged 2018,vpfiends,vpfiends,Rustic Bridge,13-02-2026 03:20:41,66,-6,0,https://www.youtube.com/watch?v=rsnJmK80l-o,https://teknoparrot.com/en/Highscore/EntrySpecificGt06?gameId=gt18&entryId=147,3,3,3,3,3,4,3,5,3,2,5,5,4,5,5,4,3,3
Golden Tee Unplugged 2018,vpfiends,vpfiends,Alpine Run,13-02-2026 03:09:25,66,-6,0,https://www.youtube.com/watch?v=dExKzB2texs,https://teknoparrot.com/en/Highscore/EntrySpecificGt06?gameId=gt18&entryId=146,3,3,2,4,4,4,5,3,5,3,4,4,3,3,4,5,2,5
Golden Tee Unplugged 2018,vpfiends,vpfiends,Grizzly Flats,11-02-2026 21:58:03,62,-10,7998,https://www.youtube.com/watch?v=iPhuIgjA7DM,https://teknoparrot.com/en/Highscore/EntrySpecificGt06?gameId=gt18&entryId=129,3,3,2,4,3,3,3,4,3,4,4,4,2,4,4,3,6,3
Golden Tee Unplugged 2018,vpfiends,vpfiends,Mayfield,11-02-2026 04:57:42,60,-12,7429,,https://teknoparrot.com/en/Highscore/EntrySpecificGt06?gameId=gt18&entryId=127,2,3,2,3,3,3,5,3,3,2,3,5,3,2,5,4,4,5
Golden Tee Unplugged 2018,vpfiends,vpfiends,Rhineland,08-02-2026 22:56:11,65,-7,0,https://www.youtube.com/watch?v=0GVo_8unpQ8,https://teknoparrot.com/en/Highscore/EntrySpecificGt06?gameId=gt18&entryId=108,2,3,4,2,3,4,3,4,5,2,4,3,3,3,3,5,5,7
Golden Tee Unplugged 2018,vpfiends,vpfiends,Falcon Sands,07-02-2026 05:16:04,63,-9,4209,https://www.youtube.com/watch?v=X5uvNnsGKDI,https://teknoparrot.com/en/Highscore/EntrySpecificGt06?gameId=gt18&entryId=38,3,4,2,4,3,3,3,2,4,4,2,3,4,4,6,4,3,5
Golden Tee Unplugged 2018,vpfiends,vpfiends,Teal Gardens,07-02-2026 05:03:43,59,-14,0,https://www.youtube.com/watch?v=DKLbvExFo0M,https://teknoparrot.com/en/Highscore/EntrySpecificGt06?gameId=gt18&entryId=37,3,3,4,2,4,4,3,3,3,4,2,5,2,4,5,2,3,3
Golden Tee Unplugged 2018,vpfiends,vpfiends,Calypso Key,06-02-2026 03:22:35,62,-11,0,https://www.youtube.com/watch?v=GLpuQwnQrsQ,https://teknoparrot.com/en/Highscore/EntrySpecificGt06?gameId=gt18&entryId=10,4,3,3,4,4,3,3,3,3,4,4,4,2,6,4,2,3,3
Golden Tee Unplugged 2019,vpfiends,vpfiends,Indigo Mound,12-07-2026 23:46:04,70,-3,0,,https://teknoparrot.com/en/Highscore/EntrySpecificGt06?gameId=gt19&entryId=648,4,3,2,5,5,4,3,4,5,4,4,3,5,6,3,5,3,2
Golden Tee Unplugged 2019,vpfiends,vpfiends,Indigo Mound,11-07-2026 22:48:58,63,-10,13759,,https://teknoparrot.com/en/Highscore/EntrySpecificGt06?gameId=gt19&entryId=638,3,3,2,4,5,4,3,4,4,4,4,3,3,5,3,3,2,4
Golden Tee Unplugged 2019,vpfiends,vpfiends,Indigo Mound,11-07-2026 22:39:01,65,-8,0,https://www.youtube.com/watch?v=0pCmp5BP7Fc,https://teknoparrot.com/en/Highscore/EntrySpecificGt06?gameId=gt19&entryId=637,3,3,2,6,4,4,2,4,4,4,4,3,5,5,3,4,2,3
Golden Tee Unplugged 2019,vpfiends,vpfiends,Sparkling Waters,10-07-2026 02:53:42,59,-13,0,,https://teknoparrot.com/en/Highscore/EntrySpecificGt06?gameId=gt19&entryId=622,3,2,2,5,3,4,3,3,4,3,3,3,3,3,5,3,5,2
Golden Tee Unplugged 2019,vpfiends,vpfiends,Sparkling Waters,10-07-2026 02:44:23,60,-12,0,https://www.youtube.com/watch?v=ikRtsPlngcs,https://teknoparrot.com/en/Highscore/EntrySpecificGt06?gameId=gt19&entryId=621,3,2,3,3,3,3,2,5,5,3,4,5,2,4,5,2,4,2
Golden Tee Unplugged 2019,vpfiends,vpfiends,Sparkling Waters,10-07-2026 02:35:37,55,-17,6908,https://www.youtube.com/watch?v=WAWHaAQIuDE,https://teknoparrot.com/en/Highscore/EntrySpecificGt06?gameId=gt19&entryId=620,3,3,2,5,2,3,2,2,5,2,3,3,2,3,4,4,5,2
Golden Tee Unplugged 2019,vpfiends,vpfiends,Sparkling Waters,09-07-2026 03:28:38,60,-12,3763,https://www.youtube.com/watch?v=NjIWoB7AKMM,https://teknoparrot.com/en/Highscore/EntrySpecificGt06?gameId=gt19&entryId=617,3,4,2,4,3,3,2,2,6,2,3,4,3,3,5,4,4,3
Golden Tee Unplugged 2019,vpfiends,vpfiends,Sparkling Waters,08-07-2026 21:12:09,61,-11,0,https://www.youtube.com/watch?v=SLIzP4Ugdbo,https://teknoparrot.com/en/Highscore/EntrySpecificGt06?gameId=gt19&entryId=610,4,2,2,4,2,4,2,3,4,2,3,3,3,4,5,3,6,5
Golden Tee Unplugged 2019,vpfiends,vpfiends,Sparkling Waters,08-07-2026 02:14:32,55,-17,37322,https://www.youtube.com/watch?v=yIHcMhofYis,https://teknoparrot.com/en/Highscore/EntrySpecificGt06?gameId=gt19&entryId=607,3,3,2,5,2,3,3,1,4,3,3,4,2,3,4,2,5,3
Golden Tee Unplugged 2019,vpfiends,vpfiends,Sparkling Waters,08-07-2026 02:05:33,58,-14,4131,https://www.youtube.com/watch?v=PS5AeYSeTvw,https://teknoparrot.com/en/Highscore/EntrySpecificGt06?gameId=gt19&entryId=606,3,3,2,4,2,3,2,2,5,2,4,3,3,3,5,4,5,3
Golden Tee Unplugged 2019,vpfiends,vpfiends,Sparkling Waters,07-07-2026 03:30:32,62,-10,0,,https://teknoparrot.com/en/Highscore/EntrySpecificGt06?gameId=gt19&entryId=601,3,3,2,5,2,3,2,5,4,2,4,4,2,5,4,3,4,5
Golden Tee Unplugged 2019,vpfiends,vpfiends,Sparkling Waters,06-07-2026 02:48:54,51,-21,6031,https://www.youtube.com/watch?v=K2QGIJxxuO0,https://teknoparrot.com/en/Highscore/EntrySpecificGt06?gameId=gt19&entryId=590,3,3,2,4,2,4,2,2,4,3,3,3,2,2,4,2,4,2
Golden Tee Unplugged 2019,vpfiends,vpfiends,Sparkling Waters,06-07-2026 02:39:39,56,-16,13600,https://www.youtube.com/watch?v=GKEPso02WV0,https://teknoparrot.com/en/Highscore/EntrySpecificGt06?gameId=gt19&entryId=589,3,2,3,3,2,3,2,4,5,3,3,3,2,3,5,2,4,4
Golden Tee Unplugged 2019,vpfiends,vpfiends,Elkhorn Ridge,05-07-2026 04:43:03,51,-21,0,https://www.youtube.com/watch?v=cBglc2Jwmuw,https://teknoparrot.com/en/Highscore/EntrySpecificGt06?gameId=gt19&entryId=584,2,2,2,4,2,2,3,3,2,4,4,2,3,4,2,3,2,5
Golden Tee Unplugged 2019,vpfiends,vpfiends,Pine Meadow,05-07-2026 04:34:09,69,-3,0,https://www.youtube.com/watch?v=yXBwiMVAUPY,https://teknoparrot.com/en/Highscore/EntrySpecificGt06?gameId=gt19&entryId=583,3,5,2,3,3,6,5,2,5,4,5,3,3,5,3,5,4,3
Golden Tee Unplugged 2019,vpfiends,vpfiends,Sparkling Waters,05-07-2026 04:23:01,51,-21,21729,https://www.youtube.com/watch?v=ikjmzjXCtrQ,https://teknoparrot.com/en/Highscore/EntrySpecificGt06?gameId=gt19&entryId=582,3,2,2,4,2,3,2,2,3,2,4,3,2,3,4,3,4,3
Golden Tee Unplugged 2019,vpfiends,vpfiends,Sparkling Waters,04-07-2026 21:49:41,54,-18,31468,https://www.youtube.com/watch?v=_U2DrtZxKKg,https://teknoparrot.com/en/Highscore/EntrySpecificGt06?gameId=gt19&entryId=581,3,3,2,5,2,4,2,1,4,2,3,3,2,3,4,3,4,4
Golden Tee Unplugged 2019,vpfiends,vpfiends,Sparkling Waters,04-07-2026 21:40:11,59,-13,0,https://www.youtube.com/watch?v=hiyp_0sKeFg,https://teknoparrot.com/en/Highscore/EntrySpecificGt06?gameId=gt19&entryId=580,3,2,3,5,2,4,2,2,5,3,3,4,2,3,5,2,4,5
Golden Tee Unplugged 2019,vpfiends,vpfiends,Volcano Palms,02-07-2026 03:00:48,62,-10,0,https://www.youtube.com/watch?v=o3h9SPIjpnE,https://teknoparrot.com/en/Highscore/EntrySpecificGt06?gameId=gt19&entryId=514,3,3,2,3,2,2,4,3,2,4,5,4,6,4,4,4,2,5
Golden Tee Unplugged 2019,vpfiends,vpfiends,Sunny Wood,01-07-2026 02:56:17,69,-3,0,,https://teknoparrot.com/en/Highscore/EntrySpecificGt06?gameId=gt19&entryId=507,3,2,3,5,3,4,3,4,3,3,3,4,5,4,5,5,6,4
Golden Tee Unplugged 2019,vpfiends,vpfiends,Volcano Palms,01-07-2026 02:46:29,56,-16,7242,https://www.youtube.com/watch?v=caGt7kCaTtY,https://teknoparrot.com/en/Highscore/EntrySpecificGt06?gameId=gt19&entryId=506,3,3,2,3,3,2,4,2,2,3,4,3,4,3,3,5,2,5
Golden Tee Unplugged 2019,vpfiends,vpfiends,Volcano Palms,01-07-2026 02:37:24,55,-17,0,https://www.youtube.com/watch?v=PfSAt_GhCZ0,https://teknoparrot.com/en/Highscore/EntrySpecificGt06?gameId=gt19&entryId=505,3,2,3,4,2,3,3,2,2,4,3,2,3,3,4,5,2,5
Golden Tee Unplugged 2019,vpfiends,vpfiends,Shady Acres,29-06-2026 02:36:46,62,-10,10522,,https://teknoparrot.com/en/Highscore/EntrySpecificGt06?gameId=gt19&entryId=465,3,4,2,4,2,3,5,3,3,3,4,5,3,3,4,4,4,3
Golden Tee Unplugged 2019,vpfiends,vpfiends,Volcano Palms,29-06-2026 02:26:39,58,-14,0,,https://teknoparrot.com/en/Highscore/EntrySpecificGt06?gameId=gt19&entryId=463,3,2,3,3,2,3,4,2,3,5,4,3,3,3,4,4,3,4
Golden Tee Unplugged 2019,vpfiends,vpfiends,Volcano Palms,28-06-2026 20:48:09,58,-14,0,,https://teknoparrot.com/en/Highscore/EntrySpecificGt06?gameId=gt19&entryId=455,3,2,3,3,3,3,4,3,3,5,4,3,3,3,3,3,4,3
Golden Tee Unplugged 2019,vpfiends,vpfiends,Volcano Palms,28-06-2026 20:39:25,54,-17,8588,https://www.youtube.com/watch?v=19WIgTUWXe4,https://teknoparrot.com/en/Highscore/EntrySpecificGt06?gameId=gt19&entryId=454,1,2,3,3,2,2,4,3,3,4,5,3,3,3,4,5,2,2
Golden Tee Unplugged 2019,vpfiends,vpfiends,Juniper Falls,28-06-2026 03:51:19,57,-15,0,,https://teknoparrot.com/en/Highscore/EntrySpecificGt06?gameId=gt19&entryId=438,3,3,2,4,2,2,3,3,3,4,2,3,5,2,4,5,4,3
Golden Tee Unplugged 2019,vpfiends,vpfiends,Eagle Crest,28-06-2026 03:41:47,64,-7,0,https://www.youtube.com/watch?v=SKnDDLDcuVQ,https://teknoparrot.com/en/Highscore/EntrySpecificGt06?gameId=gt19&entryId=437,3,4,2,4,4,2,3,3,4,4,4,2,4,4,3,6,5,3
Golden Tee Unplugged 2019,vpfiends,vpfiends,Volcano Palms,28-06-2026 03:32:18,54,-18,0,https://www.youtube.com/watch?v=iIOZegoNJsA,https://teknoparrot.com/en/Highscore/EntrySpecificGt06?gameId=gt19&entryId=436,3,2,3,3,2,2,3,3,2,3,3,2,3,2,6,6,2,4
Golden Tee Unplugged 2019,vpfiends,vpfiends,Volcano Palms,27-06-2026 23:29:23,54,-18,0,,https://teknoparrot.com/en/Highscore/EntrySpecificGt06?gameId=gt19&entryId=435,3,2,2,3,3,2,4,3,2,3,4,3,5,2,3,4,3,3
Golden Tee Unplugged 2019,vpfiends,vpfiends,Volcano Palms,27-06-2026 23:20:48,61,-11,3574,https://www.youtube.com/watch?v=9jBxbBlZYf8,https://teknoparrot.com/en/Highscore/EntrySpecificGt06?gameId=gt19&entryId=434,4,2,3,3,3,2,4,2,3,4,4,2,5,3,3,7,3,4
Golden Tee Unplugged 2019,vpfiends,vpfiends,Volcano Palms,27-06-2026 23:11:44,52,-20,3214,https://www.youtube.com/watch?v=J1YM5tMKh1U,https://teknoparrot.com/en/Highscore/EntrySpecificGt06?gameId=gt19&entryId=433,3,2,3,3,2,2,3,2,2,3,3,2,3,2,4,5,3,5
Golden Tee Unplugged 2019,vpfiends,vpfiends,Volcano Palms,27-06-2026 19:09:53,53,-19,0,,https://teknoparrot.com/en/Highscore/EntrySpecificGt06?gameId=gt19&entryId=432,3,2,2,3,2,2,4,2,2,3,4,3,3,3,3,5,2,5
Golden Tee Unplugged 2019,vpfiends,vpfiends,Sandhill Woods,27-06-2026 02:11:24,54,-18,0,,https://teknoparrot.com/en/Highscore/EntrySpecificGt06?gameId=gt19&entryId=417,3,2,3,2,4,3,3,2,3,3,3,4,2,3,4,5,2,3
Golden Tee Unplugged 2019,vpfiends,vpfiends,Jack Rabbit Junction,27-06-2026 02:02:38,58,-14,0,https://www.youtube.com/watch?v=U63aOZ_aZfQ,https://teknoparrot.com/en/Highscore/EntrySpecificGt06?gameId=gt19&entryId=416,3,3,2,3,3,3,2,4,4,4,2,5,3,3,3,4,3,4
Golden Tee Unplugged 2019,vpfiends,vpfiends,Woodland Farm,27-06-2026 01:53:34,64,-8,11045,https://www.youtube.com/watch?v=esAFnpL52sc,https://teknoparrot.com/en/Highscore/EntrySpecificGt06?gameId=gt19&entryId=414,3,4,2,3,4,3,3,4,4,4,2,4,4,3,7,5,2,3
Golden Tee Unplugged 2019,vpfiends,vpfiends,Volcano Palms,27-06-2026 01:43:39,52,-20,3212,https://www.youtube.com/watch?v=3HJ5qqvR1DI,https://teknoparrot.com/en/Highscore/EntrySpecificGt06?gameId=gt19&entryId=412,3,2,2,3,3,2,4,2,2,3,3,3,4,3,3,4,3,3
Golden Tee Unplugged 2019,vpfiends,vpfiends,Tahiti Cove,24-06-2026 04:46:45,60,-12,7415,,https://teknoparrot.com/en/Highscore/EntrySpecificGt06?gameId=gt19&entryId=373,3,3,3,4,4,3,4,4,4,3,3,4,3,3,3,4,2,3
Golden Tee Unplugged 2019,vpfiends,vpfiends,Whispering Valley,24-06-2026 04:31:34,64,-8,0,https://www.youtube.com/watch?v=Tu0cO4_v0UQ,https://teknoparrot.com/en/Highscore/EntrySpecificGt06?gameId=gt19&entryId=372,2,3,3,6,4,3,4,3,3,3,4,4,4,4,3,5,3,3
Golden Tee Unplugged 2019,vpfiends,vpfiends,Cape Haven,24-06-2026 04:22:35,60,-12,3614,https://www.youtube.com/watch?v=ekOfCn19tAE,https://teknoparrot.com/en/Highscore/EntrySpecificGt06?gameId=gt19&entryId=371,2,3,2,6,2,4,5,2,3,4,3,4,2,4,4,4,2,4
Golden Tee Unplugged 2019,vpfiends,vpfiends,Bella Toscana,21-06-2026 05:40:43,60,-12,0,,https://teknoparrot.com/en/Highscore/EntrySpecificGt06?gameId=gt19&entryId=356,3,4,2,2,4,4,4,2,4,4,3,3,3,4,3,4,3,4
Golden Tee Unplugged 2019,vpfiends,vpfiends,Summit Lakes,21-06-2026 05:31:09,61,-11,0,https://www.youtube.com/watch?v=KeF8mvWACmw,https://teknoparrot.com/en/Highscore/EntrySpecificGt06?gameId=gt19&entryId=355,3,2,3,3,4,3,3,4,3,3,3,2,5,4,5,4,4,3
Golden Tee Unplugged 2019,vpfiends,vpfiends,Desert Valley Resort,21-06-2026 05:20:34,59,-13,0,https://www.youtube.com/watch?v=rmg4NyNkrCM,https://teknoparrot.com/en/Highscore/EntrySpecificGt06?gameId=gt19&entryId=354,3,3,2,4,5,2,4,3,3,4,3,2,5,3,4,4,3,2
Golden Tee Unplugged 2019,vpfiends,vpfiends,Turtle Island,21-06-2026 05:10:59,66,-6,0,https://www.youtube.com/watch?v=nlHtmg0Gyvw,https://teknoparrot.com/en/Highscore/EntrySpecificGt06?gameId=gt19&entryId=353,4,3,2,3,3,4,2,3,4,4,4,2,5,4,7,3,5,4
Golden Tee Unplugged 2019,vpfiends,vpfiends,Indigo Mound,20-06-2026 19:17:33,64,-9,27855,,https://teknoparrot.com/en/Highscore/EntrySpecificGt06?gameId=gt19&entryId=349,3,3,2,4,4,4,2,4,4,4,5,3,4,6,2,4,3,3
Golden Tee Unplugged 2019,vpfiends,vpfiends,Crawdad Swamp,20-06-2026 03:11:49,66,-4,5556,https://www.youtube.com/watch?v=hapGE3DKs54,https://teknoparrot.com/en/Highscore/EntrySpecificGt06?gameId=gt19&entryId=337,3,3,2,4,5,4,4,2,4,5,5,4,2,3,3,5,3,5
Golden Tee Unplugged 2019,vpfiends,vpfiends,Elkhorn Ridge,20-06-2026 03:02:33,53,-19,0,https://www.youtube.com/watch?v=N0dbdlryUik,https://teknoparrot.com/en/Highscore/EntrySpecificGt06?gameId=gt19&entryId=336,2,2,2,3,3,2,4,3,3,3,3,3,4,4,2,4,2,4
Golden Tee Unplugged 2019,vpfiends,vpfiends,Pelican Grove,20-06-2026 02:54:30,57,-15,17332,https://www.youtube.com/watch?v=BzoOn_TK1co,https://teknoparrot.com/en/Highscore/EntrySpecificGt06?gameId=gt19&entryId=335,3,3,3,3,4,3,3,2,3,3,5,1,5,4,2,2,4,4
Golden Tee Unplugged 2019,vpfiends,vpfiends,Rattlesnake Ridge,20-06-2026 02:45:24,61,-11,0,https://www.youtube.com/watch?v=0H30evZYxKI,https://teknoparrot.com/en/Highscore/EntrySpecificGt06?gameId=gt19&entryId=334,3,3,5,3,2,4,4,3,3,3,2,5,3,4,3,5,3,3
Golden Tee Unplugged 2019,vpfiends,vpfiends,Bella Toscana,19-06-2026 03:52:27,53,-19,3292,https://www.youtube.com/watch?v=rbd8Nm-UiWs,https://teknoparrot.com/en/Highscore/EntrySpecificGt06?gameId=gt19&entryId=303,3,3,2,2,3,3,3,2,3,4,3,2,4,3,3,4,3,3
Golden Tee Unplugged 2019,vpfiends,vpfiends,Elkhorn Ridge,19-06-2026 03:43:05,56,-16,0,https://www.youtube.com/watch?v=HoLNSn9Jqy8,https://teknoparrot.com/en/Highscore/EntrySpecificGt06?gameId=gt19&entryId=301,3,2,2,3,3,2,4,3,3,5,3,2,4,4,3,4,3,3
Golden Tee Unplugged 2019,vpfiends,vpfiends,Alpine Run,19-06-2026 03:34:55,61,-11,7246,https://www.youtube.com/watch?v=r7EJ2pzewfk,https://teknoparrot.com/en/Highscore/EntrySpecificGt06?gameId=gt19&entryId=300,3,3,3,3,3,3,3,3,4,4,3,4,3,3,4,4,5,3
Golden Tee Unplugged 2019,vpfiends,vpfiends,Indigo Mound,18-06-2026 03:00:19,64,-9,0,https://www.youtube.com/watch?v=4nrB7LqFVaM,https://teknoparrot.com/en/Highscore/EntrySpecificGt06?gameId=gt19&entryId=286,3,3,2,5,5,7,2,3,4,3,4,3,3,5,3,4,2,3
Golden Tee Unplugged 2019,vpfiends,vpfiends,Pearl Lagoon,18-06-2026 02:50:25,59,-13,7947,https://www.youtube.com/watch?v=Q_hUnmh0CmI,https://teknoparrot.com/en/Highscore/EntrySpecificGt06?gameId=gt19&entryId=285,3,2,3,4,2,2,4,2,4,3,5,2,5,3,4,2,4,5
Golden Tee Unplugged 2019,vpfiends,vpfiends,Pine Coast,18-06-2026 02:40:45,57,-15,0,https://www.youtube.com/watch?v=4-G0EfCysbs,https://teknoparrot.com/en/Highscore/EntrySpecificGt06?gameId=gt19&entryId=284,3,2,3,4,3,3,4,5,4,4,3,3,3,2,2,4,3,2
Golden Tee Unplugged 2019,vpfiends,vpfiends,Pine Meadow,17-06-2026 03:36:35,59,-13,0,,https://teknoparrot.com/en/Highscore/EntrySpecificGt06?gameId=gt19&entryId=272,3,4,2,3,4,3,5,2,3,3,5,3,2,3,4,4,3,3
Golden Tee Unplugged 2019,vpfiends,vpfiends,Sandhill Woods,17-06-2026 03:27:45,54,-18,4636,https://www.youtube.com/watch?v=FiDgrQabY2k,https://teknoparrot.com/en/Highscore/EntrySpecificGt06?gameId=gt19&entryId=271,3,3,3,2,4,3,4,2,3,3,2,4,3,2,4,4,2,3
Golden Tee Unplugged 2019,vpfiends,vpfiends,Pembroke Links,17-06-2026 02:15:05,52,-18,0,https://www.youtube.com/watch?v=dpcoyLZ2wJA,https://teknoparrot.com/en/Highscore/EntrySpecificGt06?gameId=gt19&entryId=269,3,2,2,4,3,2,2,3,5,4,2,4,4,2,3,3,2,2
Golden Tee Unplugged 2019,vpfiends,vpfiends,Beals Creek,17-06-2026 02:05:33,56,-16,0,https://www.youtube.com/watch?v=WM-36vmUWyM,https://teknoparrot.com/en/Highscore/EntrySpecificGt06?gameId=gt19&entryId=268,3,3,3,3,3,2,3,3,2,3,3,2,4,3,5,4,2,5
Golden Tee Unplugged 2019,vpfiends,vpfiends,Sandhill Woods,17-06-2026 01:56:33,58,-14,0,https://www.youtube.com/watch?v=m0vT3jw8XoM,https://teknoparrot.com/en/Highscore/EntrySpecificGt06?gameId=gt19&entryId=267,3,3,5,2,3,3,3,2,5,3,2,4,2,3,3,4,3,5
Golden Tee Unplugged 2019,vpfiends,vpfiends,Catedrais Beach,14-06-2026 19:25:42,59,-13,6726,https://www.youtube.com/watch?v=1XM1D7iwvTY,https://teknoparrot.com/en/Highscore/EntrySpecificGt06?gameId=gt19&entryId=221,3,3,2,4,3,3,3,2,5,2,3,5,3,4,4,3,4,3
Golden Tee Unplugged 2019,vpfiends,vpfiends,Dusty Bend,14-06-2026 19:16:11,68,-4,0,https://www.youtube.com/watch?v=9602e31mH0c,https://teknoparrot.com/en/Highscore/EntrySpecificGt06?gameId=gt19&entryId=220,4,3,3,3,3,4,3,3,5,4,2,4,6,4,7,3,3,4
Golden Tee Unplugged 2019,vpfiends,vpfiends,Auburn Glen,14-06-2026 19:05:51,61,-11,11839,https://www.youtube.com/watch?v=r0IFmdHPKFM,https://teknoparrot.com/en/Highscore/EntrySpecificGt06?gameId=gt19&entryId=219,3,3,2,3,5,4,3,2,4,3,4,5,3,3,3,4,2,5
Golden Tee Unplugged 2019,vpfiends,vpfiends,Catedrais Beach,10-06-2026 03:12:34,55,-17,0,https://www.youtube.com/watch?v=UtX21CN20zU,https://teknoparrot.com/en/Highscore/EntrySpecificGt06?gameId=gt19&entryId=106,3,3,2,3,3,3,3,2,4,2,4,4,2,6,2,2,4,3
Power Putt Live 2013,vpfiends,vpfiends,Bigfoot Bend,28-06-2026 04:41:00,46,-11,86298,https://www.youtube.com/watch?v=xqKPmM7tUFw,https://teknoparrot.com/en/Highscore/EntrySpecificGt06?gameId=ppl13&entryId=871,1,2,3,3,2,3,3,3,2,1,2,4,3,3,3,3,3,2
Power Putt Live 2013,vpfiends,vpfiends,Haunted Hills,17-06-2026 04:23:46,47,-10,99886,,https://teknoparrot.com/en/Highscore/EntrySpecificGt06?gameId=ppl13&entryId=839,4,3,2,2,3,2,3,5,2,2,3,2,2,2,3,2,3,2
Power Putt Live 2013,vpfiends,vpfiends,Bigfoot Bend,06-06-2026 04:35:40,47,-10,82427,,https://teknoparrot.com/en/Highscore/EntrySpecificGt06?gameId=ppl13&entryId=807,2,3,2,2,3,2,4,2,4,2,1,1,3,3,5,3,3,2
Power Putt Live 2013,vpfiends,vpfiends,Miner 49'er,21-05-2026 03:26:56,47,-11,83611,https://www.youtube.com/watch?v=KqyS_WBCJH8,https://teknoparrot.com/en/Highscore/EntrySpecificGt06?gameId=ppl13&entryId=733,2,2,3,2,3,6,2,4,2,2,2,2,3,2,3,3,3,1
Power Putt Live 2013,vpfiends,vpfiends,Safari River,20-05-2026 04:33:16,48,-9,74757,,https://teknoparrot.com/en/Highscore/EntrySpecificGt06?gameId=ppl13&entryId=728,3,1,3,4,2,2,2,2,2,3,3,3,4,2,2,3,3,4
Power Putt Live 2013,vpfiends,vpfiends,Miner 49'er,09-05-2026 20:06:58,43,-15,99717,,https://teknoparrot.com/en/Highscore/EntrySpecificGt06?gameId=ppl13&entryId=694,1,3,1,2,2,2,3,3,2,1,2,2,3,3,4,4,3,2
Power Putt Live 2013,vpfiends,vpfiends,Skull Island,09-05-2026 19:30:08,52,-5,86543,https://www.youtube.com/watch?v=N3GaCtKYlB4,https://teknoparrot.com/en/Highscore/EntrySpecificGt06?gameId=ppl13&entryId=693,3,3,2,1,2,3,2,2,3,3,2,4,2,9,4,2,4,1
Power Putt Live 2013,vpfiends,vpfiends,Dusty Trail,09-05-2026 18:55:49,55,+2,91234,https://www.youtube.com/watch?v=2W9uf0dDdpk,https://teknoparrot.com/en/Highscore/EntrySpecificGt06?gameId=ppl13&entryId=692,4,2,2,4,4,3,4,2,5,5,3,2,3,3,2,4,3,0
Power Putt Live 2013,vpfiends,vpfiends,Miner 49'er,08-05-2026 03:28:38,41,-17,93397,https://www.youtube.com/watch?v=jLz9Z5cA4Fk,https://teknoparrot.com/en/Highscore/EntrySpecificGt06?gameId=ppl13&entryId=689,2,2,2,2,2,3,2,2,4,2,2,2,2,2,3,2,4,1
Power Putt Live 2013,vpfiends,vpfiends,Roadside 66,07-05-2026 03:30:10,47,-10,88160,,https://teknoparrot.com/en/Highscore/EntrySpecificGt06?gameId=ppl13&entryId=688,2,2,2,2,3,3,4,2,2,2,2,2,3,2,4,4,3,3
Power Putt Live 2013,vpfiends,vpfiends,Safari River,01-05-2026 04:09:18,49,-8,90808,,https://teknoparrot.com/en/Highscore/EntrySpecificGt06?gameId=ppl13&entryId=657,4,3,2,2,3,2,2,2,2,2,3,2,2,6,1,6,2,3
Power Putt Live 2013,vpfiends,vpfiends,Camelot,30-04-2026 03:38:08,56,-1,100406,,https://teknoparrot.com/en/Highscore/EntrySpecificGt06?gameId=ppl13&entryId=653,2,2,2,3,3,5,4,3,2,2,4,4,3,3,4,3,3,4
Power Putt Live 2013,vpfiends,vpfiends,Lost Vegas,25-04-2026 04:11:56,48,-6,70217,,https://teknoparrot.com/en/Highscore/EntrySpecificGt06?gameId=ppl13&entryId=604,3,2,2,2,2,2,2,2,5,5,2,3,2,2,3,3,3,3
Power Putt Live 2013,vpfiends,vpfiends,Miner 49'er,19-04-2026 05:33:55,45,-13,86123,https://www.youtube.com/watch?v=6pJKFUgFBR4,https://teknoparrot.com/en/Highscore/EntrySpecificGt06?gameId=ppl13&entryId=582,1,2,2,2,3,3,3,3,3,3,4,2,2,2,3,2,3,2
Power Putt Live 2013,vpfiends,vpfiends,Haunted Hills,17-04-2026 04:25:31,46,-11,96828,,https://teknoparrot.com/en/Highscore/EntrySpecificGt06?gameId=ppl13&entryId=580,3,2,3,3,3,4,3,2,2,3,3,2,2,2,1,2,3,3
Power Putt Live 2013,vpfiends,vpfiends,Skull Island,08-04-2026 04:00:47,43,-14,73547,,https://teknoparrot.com/en/Highscore/EntrySpecificGt06?gameId=ppl13&entryId=575,1,2,2,2,2,2,2,2,3,2,2,2,2,7,3,2,3,2
Power Putt Live 2013,vpfiends,vpfiends,King Putt's Tomb,26-03-2026 02:31:54,47,-10,120411,https://www.youtube.com/watch?v=s8IJpTxmAmw,https://teknoparrot.com/en/Highscore/EntrySpecificGt06?gameId=ppl13&entryId=560,2,2,2,3,2,1,2,2,2,3,2,2,2,3,3,3,8,3
Power Putt Live 2013,vpfiends,vpfiends,Safari River,25-03-2026 03:25:33,50,-7,67972,,https://teknoparrot.com/en/Highscore/EntrySpecificGt06?gameId=ppl13&entryId=559,2,1,3,2,3,2,3,3,4,2,2,3,5,3,2,3,3,4
Power Putt Live 2013,vpfiends,vpfiends,Miner 49'er,22-03-2026 03:18:41,45,-13,103255,,https://teknoparrot.com/en/Highscore/EntrySpecificGt06?gameId=ppl13&entryId=555,2,3,2,2,2,2,2,6,4,2,4,2,2,2,3,3,1,1
Power Putt Live 2013,vpfiends,vpfiends,Roadside 66,14-03-2026 04:35:11,54,-3,101798,,https://teknoparrot.com/en/Highscore/EntrySpecificGt06?gameId=ppl13&entryId=545,2,2,2,2,7,2,4,3,2,4,2,4,1,5,2,5,3,2
Power Putt Live 2013,vpfiends,vpfiends,Bigfoot Bend,14-03-2026 04:08:52,53,-4,90048,https://www.youtube.com/watch?v=AqCM6M_1QTM,https://teknoparrot.com/en/Highscore/EntrySpecificGt06?gameId=ppl13&entryId=544,2,2,2,3,1,2,6,3,3,3,4,2,3,3,2,3,3,6
Power Putt Live 2013,vpfiends,vpfiends,The Freaky Tiki,14-03-2026 03:58:21,54,-3,96958,https://www.youtube.com/watch?v=CKYOMWNPHBw,https://teknoparrot.com/en/Highscore/EntrySpecificGt06?gameId=ppl13&entryId=543,2,2,3,3,4,2,4,2,6,2,2,3,2,4,3,5,3,2
Power Putt Live 2013,vpfiends,vpfiends,Dusty Trail,12-03-2026 01:58:25,46,-11,95307,https://www.youtube.com/watch?v=eP6Nlkp4mKI,https://teknoparrot.com/en/Highscore/EntrySpecificGt06?gameId=ppl13&entryId=542,1,2,2,2,1,3,2,3,2,4,2,3,2,5,2,2,4,4
Power Putt Live 2013,vpfiends,vpfiends,Camelot,12-03-2026 01:33:36,46,-11,111666,,https://teknoparrot.com/en/Highscore/EntrySpecificGt06?gameId=ppl13&entryId=541,2,2,1,3,3,3,3,2,2,2,1,3,3,3,4,3,3,3
Power Putt Live 2013,vpfiends,vpfiends,Skull Island,11-03-2026 02:56:37,43,-14,81743,,https://teknoparrot.com/en/Highscore/EntrySpecificGt06?gameId=ppl13&entryId=540,2,2,2,2,2,2,5,2,3,2,2,2,2,4,2,3,2,2
Power Putt Live 2013,vpfiends,vpfiends,King Putt's Tomb,11-03-2026 02:37:21,47,-10,80424,https://www.youtube.com/watch?v=BETrC8AfBK0,https://teknoparrot.com/en/Highscore/EntrySpecificGt06?gameId=ppl13&entryId=539,2,3,2,2,2,2,2,2,4,2,3,3,2,3,3,3,5,2
Power Putt Live 2013,vpfiends,vpfiends,Bigfoot Bend,10-03-2026 01:56:37,56,-1,85217,,https://teknoparrot.com/en/Highscore/EntrySpecificGt06?gameId=ppl13&entryId=535,1,5,3,3,2,3,4,3,3,2,2,3,7,2,3,3,5,2
Power Putt Live 2013,vpfiends,vpfiends,Miner 49'er,10-03-2026 01:38:12,45,-13,92345,https://www.youtube.com/watch?v=5j7gsib2-eo,https://teknoparrot.com/en/Highscore/EntrySpecificGt06?gameId=ppl13&entryId=534,2,2,2,1,2,4,3,3,2,2,4,3,2,3,3,2,3,2
Power Putt Live 2013,vpfiends,vpfiends,Miner 49'er,07-03-2026 03:15:52,46,-12,87176,,https://teknoparrot.com/en/Highscore/EntrySpecificGt06?gameId=ppl13&entryId=529,2,3,2,4,2,3,3,3,3,2,2,2,2,2,4,2,2,3
Power Putt Live 2013,vpfiends,vpfiends,Haunted Hills,07-03-2026 02:54:38,49,-8,100680,,https://teknoparrot.com/en/Highscore/EntrySpecificGt06?gameId=ppl13&entryId=528,2,2,2,2,2,3,3,6,3,4,3,3,3,1,3,2,3,2
Power Putt Live 2013,vpfiends,vpfiends,The Freaky Tiki,06-03-2026 02:59:30,45,-12,98745,,https://teknoparrot.com/en/Highscore/EntrySpecificGt06?gameId=ppl13&entryId=527,2,2,2,2,3,4,1,2,3,2,2,2,2,4,2,3,3,4
Power Putt Live 2013,vpfiends,vpfiends,Lost Vegas,04-03-2026 03:40:36,51,-3,68415,,https://teknoparrot.com/en/Highscore/EntrySpecificGt06?gameId=ppl13&entryId=524,2,2,2,3,2,2,2,3,5,3,2,2,2,5,5,2,4,3
Power Putt Live 2013,vpfiends,vpfiends,Safari River,04-03-2026 03:24:45,53,-4,64795,https://www.youtube.com/watch?v=25honSsqKMw,https://teknoparrot.com/en/Highscore/EntrySpecificGt06?gameId=ppl13&entryId=523,2,3,4,2,3,4,3,3,2,3,2,3,5,3,2,3,2,4
Power Putt Live 2013,vpfiends,vpfiends,King Putt's Tomb,03-03-2026 05:01:23,46,-8,104356,,https://teknoparrot.com/en/Highscore/EntrySpecificGt06?gameId=ppl13&entryId=521,2,3,2,1,3,2,3,2,3,2,2,2,5,4,3,5,2,0
Power Putt Live 2013,vpfiends,vpfiends,Roadside 66,03-03-2026 04:41:47,44,-13,97093,https://www.youtube.com/watch?v=mqK-EWxeicM,https://teknoparrot.com/en/Highscore/EntrySpecificGt06?gameId=ppl13&entryId=520,1,2,3,2,5,3,4,2,2,3,2,2,1,2,2,3,3,2
Power Putt Live 2013,vpfiends,vpfiends,Bigfoot Bend,03-03-2026 04:21:05,45,-12,86678,https://www.youtube.com/watch?v=y7lTqfy2fhA,https://teknoparrot.com/en/Highscore/EntrySpecificGt06?gameId=ppl13&entryId=519,2,1,2,2,2,3,6,1,2,2,3,2,3,2,5,3,2,2
Power Putt Live 2013,vpfiends,vpfiends,Skull Island,02-03-2026 03:03:34,40,-17,87529,,https://teknoparrot.com/en/Highscore/EntrySpecificGt06?gameId=ppl13&entryId=518,1,2,2,2,2,4,4,2,3,1,2,2,2,3,2,2,2,2
Power Putt Live 2013,vpfiends,vpfiends,Dusty Trail,02-03-2026 02:47:20,50,-7,94123,https://www.youtube.com/watch?v=ShUu5jjXqeE,https://teknoparrot.com/en/Highscore/EntrySpecificGt06?gameId=ppl13&entryId=517,3,2,2,3,2,2,3,4,2,5,2,1,3,3,2,3,4,4
Power Putt Live 2013,vpfiends,vpfiends,Roadside 66,02-03-2026 02:27:20,67,+10,109129,https://www.youtube.com/watch?v=fiScb5Do07E,https://teknoparrot.com/en/Highscore/EntrySpecificGt06?gameId=ppl13&entryId=516,2,2,2,2,3,6,4,2,3,6,3,6,3,7,4,5,5,2
Power Putt Live 2013,vpfiends,vpfiends,Dusty Trail,25-02-2026 02:36:06,40,-17,94681,,https://teknoparrot.com/en/Highscore/EntrySpecificGt06?gameId=ppl13&entryId=509,1,2,1,3,2,2,1,3,2,4,2,2,2,4,3,4,1,1
Power Putt Live 2013,vpfiends,vpfiends,The Freaky Tiki,25-02-2026 02:19:22,46,-11,82207,https://www.youtube.com/watch?v=bAGfNKWjgEs,https://teknoparrot.com/en/Highscore/EntrySpecificGt06?gameId=ppl13&entryId=508,2,2,2,3,3,2,3,1,4,2,2,2,2,4,3,3,3,3
Power Putt Live 2013,vpfiends,vpfiends,Haunted Hills,23-02-2026 01:59:43,43,-14,97796,https://www.youtube.com/watch?v=HKw_Nolydto,https://teknoparrot.com/en/Highscore/EntrySpecificGt06?gameId=ppl13&entryId=505,2,2,2,2,3,2,3,2,2,2,3,2,2,3,2,2,4,3
Power Putt Live 2013,vpfiends,vpfiends,Miner 49'er,23-02-2026 01:39:08,56,-2,92148,https://www.youtube.com/watch?v=jooGtqOPmFU,https://teknoparrot.com/en/Highscore/EntrySpecificGt06?gameId=ppl13&entryId=504,2,2,2,2,1,7,4,3,2,4,4,3,2,3,5,3,4,3
Power Putt Live 2013,vpfiends,vpfiends,Bigfoot Bend,22-02-2026 04:34:28,73,+23,95691,,https://teknoparrot.com/en/Highscore/EntrySpecificGt06?gameId=ppl13&entryId=502,3,6,3,3,2,8,3,4,2,5,7,6,5,6,4,6,0,0
Power Putt Live 2013,vpfiends,vpfiends,Safari River,21-02-2026 03:46:02,45,-12,69268,https://www.youtube.com/watch?v=vc143Xz-hoM,https://teknoparrot.com/en/Highscore/EntrySpecificGt06?gameId=ppl13&entryId=499,2,3,2,3,2,2,3,3,2,4,3,2,2,2,1,3,3,3
Power Putt Live 2013,vpfiends,vpfiends,Bigfoot Bend,21-02-2026 03:26:49,48,-9,83758,https://www.youtube.com/watch?v=OgEjuYwEDIA,https://teknoparrot.com/en/Highscore/EntrySpecificGt06?gameId=ppl13&entryId=498,1,2,2,2,2,2,6,2,2,3,3,2,3,2,5,3,3,3
Power Putt Live 2013,vpfiends,vpfiends,Camelot,20-02-2026 02:57:43,51,-6,116321,,https://teknoparrot.com/en/Highscore/EntrySpecificGt06?gameId=ppl13&entryId=497,3,3,2,5,3,1,4,2,4,2,2,3,3,2,3,4,3,2
Power Putt Live 2013,vpfiends,vpfiends,Miner 49'er,20-02-2026 02:36:19,50,-8,91874,,https://teknoparrot.com/en/Highscore/EntrySpecificGt06?gameId=ppl13&entryId=496,2,1,1,2,4,4,3,4,2,3,2,2,2,3,3,5,2,5
Power Putt Live 2013,vpfiends,vpfiends,King Putt's Tomb,19-02-2026 02:41:06,46,-8,103005,,https://teknoparrot.com/en/Highscore/EntrySpecificGt06?gameId=ppl13&entryId=495,1,2,2,5,2,1,2,2,2,1,5,4,4,3,5,2,3,0
Power Putt Live 2013,vpfiends,vpfiends,Skull Island,19-02-2026 02:21:59,52,-5,74207,https://www.youtube.com/watch?v=e6EXbgCTwfU,https://teknoparrot.com/en/Highscore/EntrySpecificGt06?gameId=ppl13&entryId=494,2,2,3,2,3,2,2,3,3,2,2,2,5,8,3,2,4,2
Power Putt Live 2013,vpfiends,vpfiends,Bigfoot Bend,18-02-2026 01:52:23,40,-17,83970,https://www.youtube.com/watch?v=IK4VIcU_ZG4,https://teknoparrot.com/en/Highscore/EntrySpecificGt06?gameId=ppl13&entryId=493,1,1,2,2,2,2,3,3,2,3,2,3,2,2,3,3,2,2
Power Putt Live 2013,vpfiends,vpfiends,Lost Vegas,17-02-2026 02:53:55,52,+1,69719,,https://teknoparrot.com/en/Highscore/EntrySpecificGt06?gameId=ppl13&entryId=492,1,2,2,2,2,4,2,3,3,6,2,3,2,2,4,8,4,0
Power Putt Live 2013,vpfiends,vpfiends,Safari River,17-02-2026 02:33:44,52,-5,65927,https://www.youtube.com/watch?v=0vBfMU9sVys,https://teknoparrot.com/en/Highscore/EntrySpecificGt06?gameId=ppl13&entryId=491,3,1,2,4,2,3,3,3,2,3,3,3,3,3,6,3,3,2
Power Putt Live 2013,vpfiends,vpfiends,The Freaky Tiki,15-02-2026 03:41:48,52,-5,87454,,https://teknoparrot.com/en/Highscore/EntrySpecificGt06?gameId=ppl13&entryId=489,2,2,2,2,3,2,3,2,5,2,2,2,2,3,4,2,8,4
Power Putt Live 2013,vpfiends,vpfiends,Roadside 66,15-02-2026 03:18:52,50,-7,84934,https://www.youtube.com/watch?v=shft6SqhBM4,https://teknoparrot.com/en/Highscore/EntrySpecificGt06?gameId=ppl13&entryId=488,3,2,3,4,4,2,3,4,2,2,2,3,4,3,2,2,3,2
Power Putt Live 2013,vpfiends,vpfiends,Dusty Trail,11-02-2026 04:38:08,46,-11,74301,,https://teknoparrot.com/en/Highscore/EntrySpecificGt06?gameId=ppl13&entryId=487,1,2,2,3,2,2,4,2,2,4,3,2,3,5,2,3,2,2
Power Putt Live 2013,vpfiends,vpfiends,Lost Vegas,10-02-2026 04:07:23,46,-5,75611,,https://teknoparrot.com/en/Highscore/EntrySpecificGt06?gameId=ppl13&entryId=485,2,1,2,2,2,2,2,3,6,4,2,5,2,2,4,1,4,0
Power Putt Live 2013,vpfiends,vpfiends,Bigfoot Bend,10-02-2026 03:50:21,43,-14,78335,https://www.youtube.com/watch?v=xKgN6ksBFmo,https://teknoparrot.com/en/Highscore/EntrySpecificGt06?gameId=ppl13&entryId=484,1,2,2,2,2,3,4,2,2,3,2,2,3,2,2,3,3,3
Power Putt Live 2013,vpfiends,vpfiends,Safari River,10-02-2026 03:31:31,55,-2,66873,https://www.youtube.com/watch?v=G0XqCOLh-kM,https://teknoparrot.com/en/Highscore/EntrySpecificGt06?gameId=ppl13&entryId=483,2,1,5,5,3,2,3,3,2,3,2,2,4,2,2,7,3,4
Power Putt Live 2013,vpfiends,vpfiends,Lost Vegas,09-02-2026 04:18:12,53,-1,76195,,https://teknoparrot.com/en/Highscore/EntrySpecificGt06?gameId=ppl13&entryId=482,3,2,3,2,2,2,2,3,3,2,2,5,2,2,5,3,4,6
Power Putt Live 2013,vpfiends,vpfiends,Haunted Hills,09-02-2026 04:00:17,50,-7,99369,https://www.youtube.com/watch?v=wh-oLjHQ0r4,https://teknoparrot.com/en/Highscore/EntrySpecificGt06?gameId=ppl13&entryId=481,4,2,3,2,2,5,3,3,2,3,3,2,2,4,2,2,3,3
Power Putt Live 2013,vpfiends,vpfiends,Skull Island,09-02-2026 03:39:44,41,-16,83290,https://www.youtube.com/watch?v=lvmYNZruVSY,https://teknoparrot.com/en/Highscore/EntrySpecificGt06?gameId=ppl13&entryId=480,2,2,2,2,4,3,2,2,2,1,2,2,2,5,2,2,2,2
Power Putt Live 2013,vpfiends,vpfiends,Lost Vegas,08-02-2026 04:01:01,58,+4,66531,,https://teknoparrot.com/en/Highscore/EntrySpecificGt06?gameId=ppl13&entryId=477,2,2,2,2,2,3,4,3,3,3,5,4,2,3,4,1,6,7
Power Putt Live 2013,vpfiends,vpfiends,King Putt's Tomb,08-02-2026 03:43:15,45,-9,105414,https://www.youtube.com/watch?v=y5vzCoqVo50,https://teknoparrot.com/en/Highscore/EntrySpecificGt06?gameId=ppl13&entryId=476,3,3,4,3,2,2,2,2,4,2,2,3,1,3,4,3,2,0
Power Putt Live 2013,vpfiends,vpfiends,Bigfoot Bend,07-02-2026 19:55:04,75,+18,80015,,https://teknoparrot.com/en/Highscore/EntrySpecificGt06?gameId=ppl13&entryId=475,3,2,3,4,3,8,4,2,4,6,4,6,4,4,4,4,4,6
Power Putt Live 2013,vpfiends,vpfiends,The Freaky Tiki,07-02-2026 19:24:42,33,+5,47553,https://www.youtube.com/watch?v=0DEaEG1tfxM,https://teknoparrot.com/en/Highscore/EntrySpecificGt06?gameId=ppl13&entryId=474,2,4,3,3,3,3,4,6,5,0,0,0,0,0,0,0,0,0
Power Putt Live 2013,vpfiends,vpfiends,Lost Vegas,07-02-2026 06:18:13,48,-3,61230,,https://teknoparrot.com/en/Highscore/EntrySpecificGt06?gameId=ppl13&entryId=473,1,3,3,2,3,2,3,3,3,3,2,4,2,4,2,3,5,0
Power Putt Live 2013,vpfiends,vpfiends,Haunted Hills,07-02-2026 05:59:58,43,-14,107743,https://www.youtube.com/watch?v=lHby3wDjkjs,https://teknoparrot.com/en/Highscore/EntrySpecificGt06?gameId=ppl13&entryId=472,2,2,2,3,2,2,3,3,2,2,3,2,3,2,2,2,3,3
Power Putt Live 2013,vpfiends,vpfiends,Dusty Trail,07-02-2026 05:41:09,49,-8,85012,https://www.youtube.com/watch?v=D5CRQ49kJI0,https://teknoparrot.com/en/Highscore/EntrySpecificGt06?gameId=ppl13&entryId=471,3,2,2,3,2,2,3,3,2,3,3,2,4,4,2,2,2,5
Power Putt Live 2013,vpfiends,vpfiends,Lost Vegas,06-02-2026 02:57:16,52,+4,79664,,https://teknoparrot.com/en/Highscore/EntrySpecificGt06?gameId=ppl13&entryId=469,1,3,2,3,2,3,2,5,8,3,4,4,2,2,3,5,0,0
Power Putt Live 2013,vpfiends,vpfiends,Roadside 66,06-02-2026 02:35:29,43,-14,100319,https://www.youtube.com/watch?v=IInHPOnlKJA,https://teknoparrot.com/en/Highscore/EntrySpecificGt06?gameId=ppl13&entryId=468,2,2,3,1,2,2,3,2,3,2,3,3,2,4,2,1,3,3
Power Putt Live 2013,vpfiends,vpfiends,Roadside 66,05-02-2026 03:07:55,51,-6,105467,,https://teknoparrot.com/en/Highscore/EntrySpecificGt06?gameId=ppl13&entryId=467,2,2,3,2,4,2,3,2,5,2,3,3,4,5,2,2,3,2
Power Putt Live 2013,vpfiends,vpfiends,Lost Vegas,05-02-2026 02:46:31,46,-8,65064,https://www.youtube.com/watch?v=ZVTJJbutrtU,https://teknoparrot.com/en/Highscore/EntrySpecificGt06?gameId=ppl13&entryId=466,2,2,3,3,2,2,2,3,3,2,2,1,2,4,3,3,2,5
Power Putt Live 2013,vpfiends,vpfiends,Haunted Hills,05-02-2026 02:27:21,45,-12,104970,https://www.youtube.com/watch?v=KxvJ-hSgBw0,https://teknoparrot.com/en/Highscore/EntrySpecificGt06?gameId=ppl13&entryId=465,4,2,4,2,2,2,3,2,2,2,4,3,2,1,3,2,2,3
Power Putt Live 2013,vpfiends,vpfiends,Bigfoot Bend,05-02-2026 02:04:53,41,-16,93536,https://www.youtube.com/watch?v=r0L13LvcByY,https://teknoparrot.com/en/Highscore/EntrySpecificGt06?gameId=ppl13&entryId=464,1,3,2,2,2,2,4,2,2,2,2,3,2,1,5,2,1,3
Power Putt Live 2013,vpfiends,vpfiends,The Freaky Tiki,04-02-2026 04:57:28,49,-8,91444,https://www.youtube.com/watch?v=BHEKaNhTsOY,https://teknoparrot.com/en/Highscore/EntrySpecificGt06?gameId=ppl13&entryId=463,1,2,3,4,2,2,2,2,4,2,6,2,2,4,2,1,5,3
Power Putt Live 2013,vpfiends,vpfiends,Camelot,04-02-2026 04:36:48,50,-7,132508,https://www.youtube.com/watch?v=zCdYfMHEnDQ,https://teknoparrot.com/en/Highscore/EntrySpecificGt06?gameId=ppl13&entryId=462,2,3,2,5,3,2,6,2,2,1,4,2,3,3,3,2,3,2
Power Putt Live 2013,vpfiends,vpfiends,Camelot,04-02-2026 04:13:29,58,+1,98075,https://www.youtube.com/watch?v=aCbz187c-EY,https://teknoparrot.com/en/Highscore/EntrySpecificGt06?gameId=ppl13&entryId=461,2,4,2,3,3,3,4,2,2,2,3,3,7,3,4,3,4,4
Power Putt Live 2013,vpfiends,vpfiends,Lost Vegas,04-02-2026 03:51:32,56,+2,100322,https://www.youtube.com/watch?v=ACIn0QPRArI,https://teknoparrot.com/en/Highscore/EntrySpecificGt06?gameId=ppl13&entryId=460,2,3,2,2,2,4,3,3,3,2,2,3,2,2,8,3,4,6
Power Putt Live 2013,vpfiends,vpfiends,King Putt's Tomb,04-02-2026 02:26:47,47,-10,104514,https://www.youtube.com/watch?v=5ocMc51ikm8,https://teknoparrot.com/en/Highscore/EntrySpecificGt06?gameId=ppl13&entryId=459,2,1,2,4,2,2,2,2,2,2,7,2,2,3,3,4,2,3
Power Putt Live 2013,vpfiends,vpfiends,Lost Vegas,03-02-2026 04:08:11,60,+6,67383,,https://teknoparrot.com/en/Highscore/EntrySpecificGt06?gameId=ppl13&entryId=458,2,2,2,3,2,3,3,3,3,6,2,5,2,2,7,4,4,5
Power Putt Live 2013,vpfiends,vpfiends,Dusty Trail,03-02-2026 03:44:55,48,-9,85134,https://www.youtube.com/watch?v=v78w5wp1anA,https://teknoparrot.com/en/Highscore/EntrySpecificGt06?gameId=ppl13&entryId=457,2,2,2,2,3,3,2,4,2,3,3,2,3,4,1,3,3,4
Power Putt Live 2013,vpfiends,vpfiends,Miner 49'er,03-02-2026 03:22:08,55,-3,93914,,https://teknoparrot.com/en/Highscore/EntrySpecificGt06?gameId=ppl13&entryId=456,2,2,2,2,2,7,3,3,4,3,3,2,2,2,4,3,4,5
Power Putt Live 2013,vpfiends,vpfiends,Roadside 66,03-02-2026 02:58:58,45,-12,90104,https://www.youtube.com/watch?v=jGRtmeW2OqU,https://teknoparrot.com/en/Highscore/EntrySpecificGt06?gameId=ppl13&entryId=455,1,3,2,3,2,2,3,3,2,2,4,2,2,4,2,2,4,2
Power Putt Live 2013,vpfiends,vpfiends,Lost Vegas,02-02-2026 02:59:46,51,-3,63728,,https://teknoparrot.com/en/Highscore/EntrySpecificGt06?gameId=ppl13&entryId=454,2,2,2,2,2,2,2,2,2,5,2,2,4,3,2,5,5,5
Power Putt Live 2013,vpfiends,vpfiends,Safari River,02-02-2026 02:41:50,55,-2,68593,https://www.youtube.com/watch?v=bOCstY4QTQ4,https://teknoparrot.com/en/Highscore/EntrySpecificGt06?gameId=ppl13&entryId=453,4,1,4,3,3,5,3,2,2,3,2,4,4,2,2,4,3,4
Power Putt Live 2013,vpfiends,vpfiends,The Freaky Tiki,02-02-2026 02:19:35,48,-9,96063,https://www.youtube.com/watch?v=AA2kyT7b7qs,https://teknoparrot.com/en/Highscore/EntrySpecificGt06?gameId=ppl13&entryId=452,2,2,2,3,4,2,3,1,6,2,4,2,1,5,2,2,3,2
Power Putt Live 2013,vpfiends,vpfiends,Bigfoot Bend,02-02-2026 01:56:42,50,-7,83830,https://www.youtube.com/watch?v=09BmfBU_fwk,https://teknoparrot.com/en/Highscore/EntrySpecificGt06?gameId=ppl13&entryId=451,1,1,2,2,2,2,5,3,2,2,3,3,3,4,3,3,4,5
Power Putt Live 2013,vpfiends,vpfiends,Skull Island,01-02-2026 05:08:20,48,-9,83334,,https://teknoparrot.com/en/Highscore/EntrySpecificGt06?gameId=ppl13&entryId=450,2,3,2,2,2,3,2,5,4,1,2,2,4,3,2,1,5,3
Power Putt Live 2013,vpfiends,vpfiends,Camelot,01-02-2026 04:48:04,59,+2,106249,https://www.youtube.com/watch?v=14az73zOrHg,https://teknoparrot.com/en/Highscore/EntrySpecificGt06?gameId=ppl13&entryId=449,2,2,3,3,4,1,4,1,3,2,4,4,8,3,4,3,4,4
Power Putt Live 2013,vpfiends,vpfiends,Lost Vegas,01-02-2026 04:19:44,55,+1,83996,https://www.youtube.com/watch?v=zFDZqMylAG0,https://teknoparrot.com/en/Highscore/EntrySpecificGt06?gameId=ppl13&entryId=448,2,2,3,2,2,3,3,4,4,4,4,1,2,5,2,2,6,4
Power Putt Live 2013,vpfiends,vpfiends,Dusty Trail,01-02-2026 03:53:43,44,-13,84215,https://www.youtube.com/watch?v=cpYJbtzWkew,https://teknoparrot.com/en/Highscore/EntrySpecificGt06?gameId=ppl13&entryId=447,2,1,2,3,2,2,3,2,2,2,2,3,3,4,2,3,2,4
Power Putt Live 2013,vpfiends,vpfiends,King Putt's Tomb,31-01-2026 05:55:52,51,-6,106727,,https://teknoparrot.com/en/Highscore/EntrySpecificGt06?gameId=ppl13&entryId=446,2,2,2,3,3,2,2,2,2,2,2,5,3,3,3,4,6,3
Power Putt Live 2013,vpfiends,vpfiends,Haunted Hills,31-01-2026 05:26:38,54,-3,93096,https://www.youtube.com/watch?v=_-cVBbQShDs,https://teknoparrot.com/en/Highscore/EntrySpecificGt06?gameId=ppl13&entryId=445,3,2,2,7,4,3,4,4,3,2,4,2,2,2,3,2,3,2
Power Putt Live 2013,vpfiends,vpfiends,Camelot,29-01-2026 02:13:31,58,+4,110109,,https://teknoparrot.com/en/Highscore/EntrySpecificGt06?gameId=ppl13&entryId=443,3,3,3,3,5,3,3,2,2,3,5,4,3,6,2,5,3,0
Power Putt Live 2013,vpfiends,vpfiends,Dusty Trail,29-01-2026 02:02:05,46,-11,87328,https://www.youtube.com/watch?v=n_n-nAwhUJk,https://teknoparrot.com/en/Highscore/EntrySpecificGt06?gameId=ppl13&entryId=442,1,2,2,4,2,3,2,4,2,2,1,2,3,4,2,3,4,3
Power Putt Live 2013,vpfiends,vpfiends,Skull Island,29-01-2026 01:53:24,44,-13,95382,https://www.youtube.com/watch?v=m0dvOMoPKBY,https://teknoparrot.com/en/Highscore/EntrySpecificGt06?gameId=ppl13&entryId=441,2,2,1,2,2,2,2,3,3,2,2,3,3,5,1,2,3,4
Power Putt Live 2013,vpfiends,vpfiends,Roadside 66,27-01-2026 03:29:05,50,-7,90711,https://www.youtube.com/watch?v=eKP2lJG9jVA,https://teknoparrot.com/en/Highscore/EntrySpecificGt06?gameId=ppl13&entryId=440,2,2,2,2,3,3,3,4,2,3,3,2,4,3,2,2,3,5
Power Putt Live 2013,vpfiends,vpfiends,Safari River,27-01-2026 03:20:24,57,E,66464,https://www.youtube.com/watch?v=0Wk5bCMCitQ,https://teknoparrot.com/en/Highscore/EntrySpecificGt06?gameId=ppl13&entryId=439,1,2,2,2,2,3,4,3,4,4,3,3,4,4,3,7,3,3
Power Putt Live 2013,vpfiends,vpfiends,The Freaky Tiki,27-01-2026 03:11:48,52,-5,94754,https://www.youtube.com/watch?v=Dv8dxlN7uA0,https://teknoparrot.com/en/Highscore/EntrySpecificGt06?gameId=ppl13&entryId=438,2,2,4,3,2,3,2,2,3,2,3,2,3,4,2,5,3,5
Power Putt Live 2013,vpfiends,vpfiends,Lost Vegas,27-01-2026 03:03:22,56,+5,61420,https://www.youtube.com/watch?v=gFUkoRxJIVg,https://teknoparrot.com/en/Highscore/EntrySpecificGt06?gameId=ppl13&entryId=437,2,2,3,3,2,3,2,2,4,5,3,4,4,4,3,3,7,0
Power Putt Live 2013,vpfiends,vpfiends,Bigfoot Bend,27-01-2026 02:54:16,49,-8,79588,https://www.youtube.com/watch?v=2IKtEP0Q860,https://teknoparrot.com/en/Highscore/EntrySpecificGt06?gameId=ppl13&entryId=436,2,2,2,2,2,2,4,2,2,4,2,6,2,2,3,3,2,5
Power Putt Live 2013,vpfiends,vpfiends,Bigfoot Bend,27-01-2026 02:41:15,59,+2,90083,https://www.youtube.com/watch?v=t27CabXEV8c,https://teknoparrot.com/en/Highscore/EntrySpecificGt06?gameId=ppl13&entryId=435,2,3,3,2,2,4,5,3,2,3,3,4,2,3,5,4,6,3
Power Putt Live 2013,vpfiends,vpfiends,King Putt's Tomb,14-01-2026 23:07:49,54,-3,82948,,https://teknoparrot.com/en/Highscore/EntrySpecificGt06?gameId=ppl13&entryId=425,2,4,3,2,3,2,2,2,2,2,3,3,3,3,5,3,7,3
Power Putt Live 2013,vpfiends,vpfiends,The Freaky Tiki,14-01-2026 22:53:02,51,-6,96277,,https://teknoparrot.com/en/Highscore/EntrySpecificGt06?gameId=ppl13&entryId=424,2,2,3,2,4,2,5,2,4,2,2,2,2,6,2,4,2,3
Power Putt Live 2013,vpfiends,vpfiends,Bigfoot Bend,14-01-2026 22:10:50,57,E,80604,,https://teknoparrot.com/en/Highscore/EntrySpecificGt06?gameId=ppl13&entryId=423,3,3,4,2,3,4,4,2,2,4,4,2,3,3,3,2,7,2
Power Putt Live 2013,vpfiends,vpfiends,Miner 49'er,10-01-2026 05:49:17,51,-7,79998,,https://teknoparrot.com/en/Highscore/EntrySpecificGt06?gameId=ppl13&entryId=413,2,5,2,2,3,2,5,2,2,2,5,2,3,2,3,4,2,3
Power Putt Live 2013,vpfiends,vpfiends,Haunted Hills,06-01-2026 03:13:35,63,+6,101696,,https://teknoparrot.com/en/Highscore/EntrySpecificGt06?gameId=ppl13&entryId=411,4,2,3,4,2,4,3,3,3,3,7,2,3,2,8,5,3,2
Golden Tee Unplugged 2016,Dreaddazzman,dreaddazzman,Coconut Beach,04-02-2026 02:22:52,68,-4,0,,https://teknoparrot.com/en/Highscore/EntrySpecificGt06?gameId=gt16&entryId=1129,4,4,5,2,4,4,3,4,4,4,4,2,4,3,6,3,4,4
Golden Tee Unplugged 2016,Dreaddazzman,dreaddazzman,Coconut Beach,31-01-2026 05:09:42,73,+1,23815,,https://teknoparrot.com/en/Highscore/EntrySpecificGt06?gameId=gt16&entryId=1110,4,2,4,2,4,4,3,3,5,4,6,2,4,8,6,4,4,4
Golden Tee Unplugged 2018,Dreaddazzman,dreaddazzman,Southern Oaks,23-05-2026 21:05:07,67,-5,5032,,https://teknoparrot.com/en/Highscore/EntrySpecificGt06?gameId=gt18&entryId=1140,3,4,3,3,3,2,3,4,5,3,5,2,4,4,5,3,4,7
Golden Tee Unplugged 2018,Dreaddazzman,dreaddazzman,Southern Oaks,23-05-2026 20:50:01,71,-1,21497,,https://teknoparrot.com/en/Highscore/EntrySpecificGt06?gameId=gt18&entryId=1139,3,3,3,4,5,4,4,5,4,3,4,2,3,3,5,3,5,8
Golden Tee Unplugged 2018,Dreaddazzman,dreaddazzman,Southern Oaks,22-05-2026 23:39:40,67,-5,0,,https://teknoparrot.com/en/Highscore/EntrySpecificGt06?gameId=gt18&entryId=1130,3,5,2,3,4,4,4,3,4,3,4,3,4,3,5,4,3,6
Golden Tee Unplugged 2018,Dreaddazzman,dreaddazzman,Falcon Sands,28-04-2026 01:32:18,65,-7,0,,https://teknoparrot.com/en/Highscore/EntrySpecificGt06?gameId=gt18&entryId=896,4,3,2,5,5,3,3,3,4,3,3,4,5,4,3,5,3,3
Golden Tee Unplugged 2018,Dreaddazzman,dreaddazzman,Mayfield,21-04-2026 02:28:45,69,-3,7598,,https://teknoparrot.com/en/Highscore/EntrySpecificGt06?gameId=gt18&entryId=827,3,4,3,4,4,2,4,4,5,4,3,5,4,3,5,4,4,4
Golden Tee Unplugged 2018,Dreaddazzman,dreaddazzman,Mayfield,21-04-2026 01:39:53,71,-1,8780,,https://teknoparrot.com/en/Highscore/EntrySpecificGt06?gameId=gt18&entryId=826,4,6,3,4,3,3,5,4,5,3,5,5,4,2,4,4,3,4
Golden Tee Unplugged 2018,Dreaddazzman,dreaddazzman,Sparkling Waters,03-04-2026 03:05:50,61,-11,18376,,https://teknoparrot.com/en/Highscore/EntrySpecificGt06?gameId=gt18&entryId=675,3,4,3,4,3,5,2,3,4,2,4,4,2,3,4,2,5,4
Golden Tee Unplugged 2018,Dreaddazzman,dreaddazzman,Sparkling Waters,01-04-2026 01:50:39,70,-2,3479,,https://teknoparrot.com/en/Highscore/EntrySpecificGt06?gameId=gt18&entryId=655,3,3,3,5,3,6,2,3,5,4,4,4,7,3,4,2,5,4
Golden Tee Unplugged 2018,Dreaddazzman,dreaddazzman,Rattlesnake Ridge,24-03-2026 01:46:42,74,+2,0,,https://teknoparrot.com/en/Highscore/EntrySpecificGt06?gameId=gt18&entryId=585,5,3,6,3,4,3,5,3,3,3,3,5,5,6,6,5,2,4
Golden Tee Unplugged 2018,Dreaddazzman,dreaddazzman,Calypso Key,25-02-2026 01:55:28,74,E,0,,https://teknoparrot.com/en/Highscore/EntrySpecificGt06?gameId=gt18&entryId=274,4,4,3,4,3,3,6,4,3,4,4,4,3,6,5,3,5,6
Golden Tee Unplugged 2019,Dreaddazzman,dreaddazzman,Indigo Mound,11-07-2026 01:16:31,66,-7,0,,https://teknoparrot.com/en/Highscore/EntrySpecificGt06?gameId=gt19&entryId=627,4,3,2,4,5,4,4,3,4,3,4,2,5,3,3,5,3,5
Golden Tee Unplugged 2018,dstructv,dstructv,Mayfield,22-03-2026 01:46:48,103,+31,0,https://www.youtube.com/watch?v=N02Fkwr5_IQ,https://teknoparrot.com/en/Highscore/EntrySpecificGt06?gameId=gt18&entryId=569,4,9,7,5,8,2,6,5,6,7,4,9,4,3,5,4,7,8
Golden Tee Unplugged 2018,dstructv,dstructv,Calypso Key,19-03-2026 02:08:14,61,-12,0,,https://teknoparrot.com/en/Highscore/EntrySpecificGt06?gameId=gt18&entryId=548,3,4,3,4,3,4,5,3,2,5,4,3,2,5,3,2,2,4
Golden Tee Unplugged 2018,dstructv,dstructv,Rhineland,14-03-2026 04:42:03,73,+1,7400,https://www.youtube.com/watch?v=XWhi2U9UaJo,https://teknoparrot.com/en/Highscore/EntrySpecificGt06?gameId=gt18&entryId=521,3,4,4,4,3,4,2,5,5,2,6,6,3,4,5,4,4,5
Golden Tee Unplugged 2018,dstructv,dstructv,Rhineland,14-03-2026 01:48:23,60,-12,0,https://www.youtube.com/watch?v=N1GKnKs3nXE,https://teknoparrot.com/en/Highscore/EntrySpecificGt06?gameId=gt18&entryId=518,2,4,3,3,3,4,2,3,4,2,3,5,2,4,3,4,3,6
Golden Tee Unplugged 2018,dstructv,dstructv,Rhineland,14-03-2026 00:10:43,69,-3,0,https://www.youtube.com/watch?v=uNBlzRAqSyY,https://teknoparrot.com/en/Highscore/EntrySpecificGt06?gameId=gt18&entryId=517,2,3,3,3,4,4,3,7,4,2,5,5,3,5,3,4,4,5
Golden Tee Unplugged 2018,dstructv,dstructv,Rhineland,13-03-2026 22:24:18,62,-10,0,https://www.youtube.com/watch?v=pU2iKHC8rzc,https://teknoparrot.com/en/Highscore/EntrySpecificGt06?gameId=gt18&entryId=513,3,3,4,2,4,3,3,5,3,2,3,4,4,4,3,4,2,6
Golden Tee Unplugged 2018,dstructv,dstructv,Safari Dunes,13-03-2026 21:55:23,53,-18,0,,https://teknoparrot.com/en/Highscore/EntrySpecificGt06?gameId=gt18&entryId=512,3,3,2,3,5,2,3,3,2,3,3,2,4,2,4,3,4,2
Golden Tee Unplugged 2018,dstructv,dstructv,Safari Dunes,08-03-2026 21:03:54,53,-18,0,,https://teknoparrot.com/en/Highscore/EntrySpecificGt06?gameId=gt18&entryId=458,3,3,3,3,3,2,4,3,2,2,4,4,3,2,3,3,4,2
Golden Tee Unplugged 2018,dstructv,dstructv,Safari Dunes,08-03-2026 20:52:34,63,-8,0,,https://teknoparrot.com/en/Highscore/EntrySpecificGt06?gameId=gt18&entryId=457,3,4,3,3,5,3,5,3,4,3,3,4,2,4,4,3,2,5
Golden Tee Unplugged 2018,dstructv,dstructv,Safari Dunes,08-03-2026 18:57:53,59,-12,0,,https://teknoparrot.com/en/Highscore/EntrySpecificGt06?gameId=gt18&entryId=453,3,4,2,3,4,2,5,4,3,3,3,3,3,2,5,4,3,3
Golden Tee Unplugged 2018,dstructv,dstructv,Safari Dunes,08-03-2026 18:09:12,57,-14,25719,,https://teknoparrot.com/en/Highscore/EntrySpecificGt06?gameId=gt18&entryId=451,3,4,2,2,3,2,5,3,2,3,2,4,3,4,4,5,4,2
Golden Tee Unplugged 2018,dstructv,dstructv,Safari Dunes,07-03-2026 02:32:16,56,-15,9306,,https://teknoparrot.com/en/Highscore/EntrySpecificGt06?gameId=gt18&entryId=415,3,3,3,3,4,3,3,3,3,3,2,4,3,2,3,3,4,4
Golden Tee Unplugged 2018,dstructv,dstructv,Safari Dunes,07-03-2026 00:43:56,58,-13,0,,https://teknoparrot.com/en/Highscore/EntrySpecificGt06?gameId=gt18&entryId=414,3,4,2,3,3,2,5,5,3,3,2,2,4,3,5,3,3,3
Golden Tee Unplugged 2018,dstructv,dstructv,Safari Dunes,06-03-2026 23:20:26,61,-10,0,,https://teknoparrot.com/en/Highscore/EntrySpecificGt06?gameId=gt18&entryId=412,3,3,3,3,4,2,4,4,3,3,2,5,3,2,4,5,4,4
Golden Tee Unplugged 2018,dstructv,dstructv,Safari Dunes,06-03-2026 20:47:09,68,-3,0,,https://teknoparrot.com/en/Highscore/EntrySpecificGt06?gameId=gt18&entryId=409,3,3,3,4,4,3,4,5,6,3,3,5,3,3,6,4,3,3
Power Putt Live 2013,Paladin242,Paladin242,Dusty Trail,24-11-2025 19:52:55,20,-8,50003,https://www.youtube.com/watch?v=wlNSdWMft_U,https://teknoparrot.com/en/Highscore/EntrySpecificGt06?gameId=ppl13&entryId=394,3,2,2,4,2,3,2,1,1,0,0,0,0,0,0,0,0,0
Golden Tee Unplugged 2019,vpfiends,vpfiends,Indigo Mound,15-07-2026 04:03:04,61,-12,6883,https://www.youtube.com/watch?v=hT6vW_0tWaw,https://teknoparrot.com/en/Highscore/EntrySpecificGt06?gameId=gt19&entryId=661,3,4,2,4,4,4,2,3,5,3,3,2,5,3,3,4,4,3
Golden Tee Unplugged 2019,Paladin242,Paladin242,Indigo Mound,16-07-2026 05:07:34,81,+8,0,https://www.youtube.com/watch?v=dplOuc5Ol00,https://teknoparrot.com/en/Highscore/EntrySpecificGt06?gameId=gt19&entryId=680,4,4,3,7,4,4,4,8,4,4,5,3,5,4,4,4,6,4
Golden Tee Unplugged 2019,Paladin242,Paladin242,Indigo Mound,16-07-2026 04:43:39,71,-1,11452,https://www.youtube.com/watch?v=AJ-1ffso5Dk,https://teknoparrot.com/en/Highscore/EntrySpecificGt06?gameId=gt19&entryId=679,3,3,3,7,4,4,3,4,5,4,4,2,4,3,4,5,4,5
Golden Tee Unplugged 2019,ed20910,ed20910,Indigo Mound,17-07-2026 05:19:39,70,-3,0,,https://teknoparrot.com/en/Highscore/EntrySpecificGt06?gameId=gt19&entryId=709,3,3,3,5,3,4,3,3,6,4,5,2,4,6,3,5,4,4
Golden Tee Unplugged 2019,ed20910,ed20910,Indigo Mound,17-07-2026 05:04:33,56,-17,5998,,https://teknoparrot.com/en/Highscore/EntrySpecificGt06?gameId=gt19&entryId=708,3,3,2,4,3,4,3,3,3,3,4,2,3,4,2,4,2,4
Golden Tee Unplugged 2019,ed20910,ed20910,Indigo Mound,17-07-2026 04:51:24,70,-3,5634,,https://teknoparrot.com/en/Highscore/EntrySpecificGt06?gameId=gt19&entryId=707,3,3,2,4,8,6,2,3,4,4,4,3,5,6,2,4,3,4
Golden Tee Unplugged 2019,ed20910,ed20910,Indigo Mound,17-07-2026 04:35:18,69,-4,0,,https://teknoparrot.com/en/Highscore/EntrySpecificGt06?gameId=gt19&entryId=706,4,4,2,7,2,3,2,4,4,3,4,3,4,5,3,6,4,5
Golden Tee Unplugged 2019,vpfiends,vpfiends,Indigo Mound,17-07-2026 03:10:53,62,-11,0,,https://teknoparrot.com/en/Highscore/EntrySpecificGt06?gameId=gt19&entryId=703,3,4,3,4,4,5,3,3,3,4,4,2,3,3,3,5,2,4
Golden Tee Unplugged 2019,vpfiends,vpfiends,Indigo Mound,17-07-2026 03:01:57,61,-12,0,https://www.youtube.com/watch?v=5_ymYT4O6Mw,https://teknoparrot.com/en/Highscore/EntrySpecificGt06?gameId=gt19&entryId=702,3,3,2,6,4,4,2,3,4,6,5,2,3,4,3,3,2,2
Golden Tee Unplugged 2019,ed20910,ed20910,Indigo Mound,17-07-2026 05:55:14,65,-8,17572,,https://teknoparrot.com/en/Highscore/EntrySpecificGt06?gameId=gt19&entryId=712,3,3,3,4,4,5,2,3,4,3,4,4,3,5,2,5,4,4
Golden Tee Unplugged 2019,ed20910,ed20910,Indigo Mound,17-07-2026 05:42:26,65,-8,7851,,https://teknoparrot.com/en/Highscore/EntrySpecificGt06?gameId=gt19&entryId=711,3,3,2,3,5,5,2,4,4,3,5,5,4,4,5,3,2,3
Golden Tee Unplugged 2019,ed20910,ed20910,Indigo Mound,17-07-2026 05:30:22,58,-15,0,,https://teknoparrot.com/en/Highscore/EntrySpecificGt06?gameId=gt19&entryId=710,3,3,2,5,3,3,2,3,4,3,3,3,4,4,3,3,4,3
Golden Tee Unplugged 2019,vpfiends,vpfiends,Bella Toscana,18-07-2026 00:26:21,56,-16,24594,https://www.youtube.com/watch?v=rdHeKxuZ60Y,https://teknoparrot.com/en/Highscore/EntrySpecificGt06?gameId=gt19&entryId=729,2,3,2,2,3,4,3,2,4,4,3,2,3,4,3,3,4,5
Golden Tee Unplugged 2019,Dreaddazzman,dreaddazzman,Bella Toscana,17-07-2026 23:30:35,66,-6,0,,https://teknoparrot.com/en/Highscore/EntrySpecificGt06?gameId=gt19&entryId=725,4,3,2,3,5,3,3,3,4,4,4,2,4,4,4,4,3,7
Golden Tee Unplugged 2019,Dreaddazzman,dreaddazzman,Bella Toscana,17-07-2026 23:04:24,71,-1,0,,https://teknoparrot.com/en/Highscore/EntrySpecificGt06?gameId=gt19&entryId=724,3,3,2,4,4,6,4,2,5,4,4,3,6,4,3,6,3,5
Golden Tee Unplugged 2019,Dreaddazzman,dreaddazzman,Bella Toscana,17-07-2026 22:49:55,72,E,0,,https://teknoparrot.com/en/Highscore/EntrySpecificGt06?gameId=gt19&entryId=723,3,4,3,4,4,4,4,2,4,4,5,3,4,5,3,7,4,5
Golden Tee Unplugged 2019,vpfiends,vpfiends,Bella Toscana,18-07-2026 05:01:12,58,-14,0,,https://teknoparrot.com/en/Highscore/EntrySpecificGt06?gameId=gt19&entryId=739,3,3,2,2,4,3,2,3,3,5,3,5,4,4,3,3,3,3
Golden Tee Unplugged 2019,vpfiends,vpfiends,Bella Toscana,18-07-2026 04:51:54,57,-15,0,https://www.youtube.com/watch?v=dD7RMzaFyWU,https://teknoparrot.com/en/Highscore/EntrySpecificGt06?gameId=gt19&entryId=737,3,4,2,2,4,3,3,3,3,3,4,3,4,3,2,4,3,4
Golden Tee Unplugged 2019,vpfiends,vpfiends,Bella Toscana,18-07-2026 04:43:05,58,-14,0,https://www.youtube.com/watch?v=z6EoZBQ85EQ,https://teknoparrot.com/en/Highscore/EntrySpecificGt06?gameId=gt19&entryId=736,3,3,2,3,3,3,3,3,3,3,4,2,3,4,3,5,3,5
Golden Tee Unplugged 2019,Paladin242,Paladin242,Bella Toscana,18-07-2026 08:23:23,65,-7,0,https://www.youtube.com/watch?v=_9KMLBA49X8,https://teknoparrot.com/en/Highscore/EntrySpecificGt06?gameId=gt19&entryId=743,4,3,3,5,5,3,3,2,3,4,4,2,6,3,3,4,4,4
Golden Tee Unplugged 2019,vpfiends,vpfiends,Bella Toscana,18-07-2026 13:27:31,54,-18,13572,,https://teknoparrot.com/en/Highscore/EntrySpecificGt06?gameId=gt19&entryId=747,3,3,2,2,3,3,2,2,3,3,3,3,3,3,4,4,4,4
Golden Tee Unplugged 2019,vpfiends,vpfiends,Bella Toscana,18-07-2026 21:10:45,49,-23,0,https://www.youtube.com/watch?v=1p_kleGOSnA,https://teknoparrot.com/en/Highscore/EntrySpecificGt06?gameId=gt19&entryId=749,3,3,2,2,4,2,2,2,3,3,3,2,3,3,3,3,3,3
Golden Tee Unplugged 2019,vpfiends,vpfiends,Bella Toscana,18-07-2026 21:01:55,60,-12,0,https://www.youtube.com/watch?v=43QUDLz_zOA,https://teknoparrot.com/en/Highscore/EntrySpecificGt06?gameId=gt19&entryId=748,3,3,2,2,3,3,3,3,4,4,5,3,4,3,2,3,4,6
Golden Tee Unplugged 2019,vpfiends,vpfiends,Bella Toscana,19-07-2026 01:38:29,54,-18,5383,,https://teknoparrot.com/en/Highscore/EntrySpecificGt06?gameId=gt19&entryId=753,3,3,2,2,3,2,2,2,3,3,4,2,3,4,4,4,4,4
Golden Tee Unplugged 2019,ed20910,ed20910,Bella Toscana,20-07-2026 22:00:13,62,-10,5892,,https://teknoparrot.com/en/Highscore/EntrySpecificGt06?gameId=gt19&entryId=772,3,3,2,4,3,3,3,2,4,3,4,2,3,4,7,4,3,5
Golden Tee Unplugged 2019,ed20910,ed20910,Bella Toscana,20-07-2026 23:53:12,58,-14,4002,,https://teknoparrot.com/en/Highscore/EntrySpecificGt06?gameId=gt19&entryId=776,3,3,3,2,3,3,3,2,4,5,3,2,3,2,7,4,4,2
Golden Tee Unplugged 2019,ed20910,ed20910,Bella Toscana,20-07-2026 23:19:34,60,-12,0,,https://teknoparrot.com/en/Highscore/EntrySpecificGt06?gameId=gt19&entryId=773,3,3,2,2,3,3,4,2,3,3,3,3,3,3,7,4,5,4
Golden Tee Unplugged 2019,vpfiends,vpfiends,Bella Toscana,21-07-2026 02:30:02,52,-20,8259,,https://teknoparrot.com/en/Highscore/EntrySpecificGt06?gameId=gt19&entryId=789,3,3,2,2,3,3,3,2,3,3,3,2,3,4,2,3,4,4
Golden Tee Unplugged 2019,ed20910,ed20910,Bella Toscana,22-07-2026 02:59:42,63,-9,4483,https://www.youtube.com/watch?v=7Zg68G4GEeU,https://teknoparrot.com/en/Highscore/EntrySpecificGt06?gameId=gt19&entryId=822,3,6,2,4,4,4,3,2,3,3,3,2,3,4,7,3,3,4
Golden Tee Unplugged 2019,ed20910,ed20910,Bella Toscana,22-07-2026 02:46:38,58,-14,5270,,https://teknoparrot.com/en/Highscore/EntrySpecificGt06?gameId=gt19&entryId=821,3,4,2,2,4,3,2,2,4,3,3,5,3,4,6,4,2,2
Golden Tee Unplugged 2019,ed20910,ed20910,Bella Toscana,22-07-2026 02:19:49,56,-16,6357,,https://teknoparrot.com/en/Highscore/EntrySpecificGt06?gameId=gt19&entryId=819,3,3,2,2,3,4,3,2,5,3,3,3,3,4,3,4,2,4
Golden Tee Unplugged 2019,ed20910,ed20910,Bella Toscana,22-07-2026 02:09:30,56,-16,15296,,https://teknoparrot.com/en/Highscore/EntrySpecificGt06?gameId=gt19&entryId=817,3,3,2,2,3,3,3,2,3,3,3,2,3,2,5,4,3,7
Golden Tee Unplugged 2019,ed20910,ed20910,Bella Toscana,22-07-2026 01:59:07,59,-13,6064,,https://teknoparrot.com/en/Highscore/EntrySpecificGt06?gameId=gt19&entryId=815,4,3,2,5,3,3,3,2,4,4,5,2,3,3,2,3,4,4
Golden Tee Unplugged 2019,ed20910,ed20910,Bella Toscana,22-07-2026 01:48:40,52,-20,5474,https://www.youtube.com/watch?v=34R7r3UPkR0,https://teknoparrot.com/en/Highscore/EntrySpecificGt06?gameId=gt19&entryId=813,3,3,2,3,3,3,2,2,3,4,3,2,3,3,3,3,4,3
Golden Tee Unplugged 2019,vpfiends,vpfiends,Bella Toscana,22-07-2026 05:00:17,57,-15,0,,https://teknoparrot.com/en/Highscore/EntrySpecificGt06?gameId=gt19&entryId=824,3,3,2,3,3,4,2,2,3,3,3,2,4,5,5,3,3,4
Golden Tee Unplugged 2019,vpfiends,vpfiends,Bella Toscana,22-07-2026 04:51:40,56,-16,0,https://www.youtube.com/watch?v=SHicvmjTr80,https://teknoparrot.com/en/Highscore/EntrySpecificGt06?gameId=gt19&entryId=823,3,3,2,4,3,3,2,2,5,3,3,2,3,4,3,4,3,4
Golden Tee Unplugged 2019,vpfiends,vpfiends,Bella Toscana,22-07-2026 22:39:41,54,-18,5370,,https://teknoparrot.com/en/Highscore/EntrySpecificGt06?gameId=gt19&entryId=834,3,3,3,3,3,2,3,2,3,3,3,2,3,3,3,4,4,4
Golden Tee Unplugged 2019,vpfiends,vpfiends,Bella Toscana,22-07-2026 22:31:08,53,-19,5879,https://www.youtube.com/watch?v=II4eLX2aftk,https://teknoparrot.com/en/Highscore/EntrySpecificGt06?gameId=gt19&entryId=833,3,3,2,2,3,3,2,2,3,4,4,3,3,3,3,3,4,3
Golden Tee Unplugged 2019,vpfiends,vpfiends,Cape Haven,25-07-2026 02:45:02,66,-6,4346,,https://teknoparrot.com/en/Highscore/EntrySpecificGt06?gameId=gt19&entryId=864,3,3,2,8,4,4,3,2,3,4,3,4,2,4,3,4,6,4
Golden Tee Unplugged 2019,vpfiends,vpfiends,Elkhorn Ridge,25-07-2026 02:35:07,49,-23,3611,https://www.youtube.com/watch?v=4sKZ_-5TmaA,https://teknoparrot.com/en/Highscore/EntrySpecificGt06?gameId=gt19&entryId=863,3,3,3,3,2,2,3,2,2,3,3,2,4,3,3,3,2,3
Golden Tee Unplugged 2019,Dreaddazzman,dreaddazzman,Cape Haven,25-07-2026 23:46:37,67,-5,0,,https://teknoparrot.com/en/Highscore/EntrySpecificGt06?gameId=gt19&entryId=867,4,3,2,4,4,4,4,3,3,4,4,4,2,3,4,4,5,6
Golden Tee Unplugged 2019,vpfiends,vpfiends,Cape Haven,26-07-2026 20:55:01,54,-18,0,,https://teknoparrot.com/en/Highscore/EntrySpecificGt06?gameId=gt19&entryId=900,3,2,2,4,3,3,3,2,3,3,3,4,3,3,3,3,4,3
Golden Tee Unplugged 2019,Dreaddazzman,dreaddazzman,Cape Haven,27-07-2026 02:58:42,66,-6,6738,,https://teknoparrot.com/en/Highscore/EntrySpecificGt06?gameId=gt19&entryId=907,3,3,3,4,4,3,4,2,3,4,4,3,3,3,6,5,5,4
Golden Tee Unplugged 2019,Dreaddazzman,dreaddazzman,Cape Haven,27-07-2026 02:03:10,67,-5,18980,,https://teknoparrot.com/en/Highscore/EntrySpecificGt06?gameId=gt19&entryId=902,4,3,3,5,4,3,4,2,3,4,5,3,4,2,3,5,7,3
Golden Tee Unplugged 2019,vpfiends,vpfiends,Cape Haven,28-07-2026 02:37:57,59,-13,0,,https://teknoparrot.com/en/Highscore/EntrySpecificGt06?gameId=gt19&entryId=931,3,3,2,4,3,3,4,3,4,4,3,4,3,2,3,4,2,5
Golden Tee Unplugged 2019,vpfiends,vpfiends,Cape Haven,28-07-2026 02:29:33,57,-15,0,https://www.youtube.com/watch?v=EOoTg3zwYNE,https://teknoparrot.com/en/Highscore/EntrySpecificGt06?gameId=gt19&entryId=930,2,3,2,5,3,3,3,2,4,4,3,3,2,3,3,4,4,4
Golden Tee Unplugged 2019,ed20910,ed20910,Cape Haven,28-07-2026 21:57:30,57,-15,23739,https://www.youtube.com/watch?v=CujyO_ueCLQ,https://teknoparrot.com/en/Highscore/EntrySpecificGt06?gameId=gt19&entryId=932,3,3,2,3,2,4,3,2,3,3,3,3,2,3,8,4,4,2
Golden Tee Unplugged 2019,ed20910,ed20910,Cape Haven,29-07-2026 05:23:15,62,-10,18335,https://www.youtube.com/watch?v=qCkkftM26Sw,https://teknoparrot.com/en/Highscore/EntrySpecificGt06?gameId=gt19&entryId=938,3,3,3,3,3,3,3,2,5,3,4,5,2,5,4,5,3,3
Golden Tee Unplugged 2019,ed20910,ed20910,Cape Haven,28-07-2026 23:50:48,52,-20,0,https://www.youtube.com/watch?v=Fv4gAhPBpH4,https://teknoparrot.com/en/Highscore/EntrySpecificGt06?gameId=gt19&entryId=935,3,3,2,4,3,3,4,2,3,3,3,4,2,3,3,3,2,2
Golden Tee Unplugged 2019,ed20910,ed20910,Cape Haven,28-07-2026 23:40:00,65,-7,0,https://www.youtube.com/watch?v=wrM3hMzZ16I,https://teknoparrot.com/en/Highscore/EntrySpecificGt06?gameId=gt19&entryId=934,3,3,2,4,6,4,3,2,4,4,3,4,2,4,3,4,2,8
Golden Tee Unplugged 2019,ed20910,ed20910,Cape Haven,28-07-2026 22:57:45,57,-15,18886,https://www.youtube.com/watch?v=BlhANVT0ods,https://teknoparrot.com/en/Highscore/EntrySpecificGt06?gameId=gt19&entryId=933,3,3,3,3,3,4,3,2,2,3,3,4,2,3,3,3,2,8
Golden Tee Unplugged 2019,vpfiends,vpfiends,Cape Haven,29-07-2026 02:16:52,52,-20,6865,https://www.youtube.com/watch?v=XuYym4exNAU,https://teknoparrot.com/en/Highscore/EntrySpecificGt06?gameId=gt19&entryId=937,3,3,2,3,2,3,4,2,3,3,4,4,2,3,3,4,2,2
Golden Tee Unplugged 2019,vpfiends,vpfiends,Cape Haven,29-07-2026 02:08:19,60,-12,6040,https://www.youtube.com/watch?v=tKPWhsXR8aU,https://teknoparrot.com/en/Highscore/EntrySpecificGt06?gameId=gt19&entryId=936,3,3,2,5,3,3,4,2,2,4,4,4,3,2,3,4,6,3
Golden Tee Unplugged 2019,ed20910,ed20910,Cape Haven,29-07-2026 06:30:03,53,-19,28659,https://www.youtube.com/watch?v=neMw6MOPmS4,https://teknoparrot.com/en/Highscore/EntrySpecificGt06?gameId=gt19&entryId=944,3,3,2,3,2,4,5,2,2,3,3,2,2,4,3,3,2,5
Golden Tee Unplugged 2019,ed20910,ed20910,Cape Haven,29-07-2026 06:18:30,55,-17,10755,https://www.youtube.com/watch?v=AFQzkVRNrMI,https://teknoparrot.com/en/Highscore/EntrySpecificGt06?gameId=gt19&entryId=943,3,3,2,3,3,4,3,1,2,3,3,4,2,3,3,7,3,3
Golden Tee Unplugged 2019,ed20910,ed20910,Cape Haven,29-07-2026 06:08:19,59,-13,8894,https://www.youtube.com/watch?v=tT-axcHK6HI,https://teknoparrot.com/en/Highscore/EntrySpecificGt06?gameId=gt19&entryId=942,3,3,3,4,4,3,3,2,3,4,4,4,2,3,4,5,2,3
Golden Tee Unplugged 2019,ed20910,ed20910,Cape Haven,29-07-2026 05:58:59,57,-15,2687,https://www.youtube.com/watch?v=Ue5Yd1pEfYM,https://teknoparrot.com/en/Highscore/EntrySpecificGt06?gameId=gt19&entryId=941,3,3,2,4,5,4,3,2,2,3,3,4,2,3,3,4,3,4
Golden Tee Unplugged 2019,ed20910,ed20910,Cape Haven,29-07-2026 05:46:18,56,-16,7986,https://www.youtube.com/watch?v=Gajuu_-rPtw,https://teknoparrot.com/en/Highscore/EntrySpecificGt06?gameId=gt19&entryId=940,3,3,2,4,3,3,3,2,3,4,3,4,2,2,4,4,3,4
Golden Tee Unplugged 2019,ed20910,ed20910,Cape Haven,29-07-2026 05:34:57,58,-14,8205,https://www.youtube.com/watch?v=q2RA9aqyLjI,https://teknoparrot.com/en/Highscore/EntrySpecificGt06?gameId=gt19&entryId=939,3,3,2,4,3,3,3,2,2,4,3,4,5,4,3,4,3,3
Golden Tee Unplugged 2019,ed20910,ed20910,Cape Haven,29-07-2026 21:53:11,64,-8,5173,https://www.youtube.com/watch?v=5cEWz6R2T-g,https://teknoparrot.com/en/Highscore/EntrySpecificGt06?gameId=gt19&entryId=951,5,3,2,3,8,4,3,2,3,3,3,5,2,4,3,4,5,2
Golden Tee Unplugged 2019,ed20910,ed20910,Cape Haven,29-07-2026 19:36:56,58,-14,0,https://www.youtube.com/watch?v=r1jOBQqUV4s,https://teknoparrot.com/en/Highscore/EntrySpecificGt06?gameId=gt19&entryId=950,3,3,2,5,5,4,3,2,2,4,4,5,2,2,4,4,2,2
Golden Tee Unplugged 2019,ed20910,ed20910,Jack Rabbit Junction,29-07-2026 22:16:52,59,-13,9880,https://www.youtube.com/watch?v=nQmr32iDDZE,https://teknoparrot.com/en/Highscore/EntrySpecificGt06?gameId=gt19&entryId=952,3,3,2,4,3,3,2,5,4,5,3,4,2,4,2,3,4,3
Golden Tee Unplugged 2019,ed20910,ed20910,Cape Haven,30-07-2026 01:12:01,61,-11,11142,https://www.youtube.com/watch?v=HtDvxWTGQQo,https://teknoparrot.com/en/Highscore/EntrySpecificGt06?gameId=gt19&entryId=954,3,3,2,4,3,3,6,1,2,4,5,3,3,4,3,6,3,3
Golden Tee Unplugged 2019,ed20910,ed20910,Cape Haven,30-07-2026 01:01:21,70,-2,4727,https://www.youtube.com/watch?v=yl36b9QFr-s,https://teknoparrot.com/en/Highscore/EntrySpecificGt06?gameId=gt19&entryId=953,3,3,2,4,5,4,5,2,2,5,3,5,3,3,5,3,5,8
Golden Tee Unplugged 2019,ed20910,ed20910,Cape Haven,30-07-2026 22:01:17,52,-20,5745,https://www.youtube.com/watch?v=qOC0y8BTX_4,https://teknoparrot.com/en/Highscore/EntrySpecificGt06?gameId=gt19&entryId=964,3,3,2,3,2,3,3,2,2,3,3,3,2,2,3,4,2,7
Golden Tee Unplugged 2019,ed20910,ed20910,Cape Haven,31-07-2026 02:39:54,57,-16,37235,https://www.youtube.com/watch?v=H8QwlUVUiyk,https://teknoparrot.com/en/Highscore/EntrySpecificGt06?gameId=gt19&entryId=972,6,3,2,3,3,4,5,1,2,2,3,3,2,4,3,4,3,4
Golden Tee Unplugged 2019,vpfiends,vpfiends,Crawdad Swamp,31-07-2026 04:43:46,61,-9,0,,https://teknoparrot.com/en/Highscore/EntrySpecificGt06?gameId=gt19&entryId=976,3,3,3,5,3,4,4,2,3,4,4,3,2,3,3,3,4,5
Golden Tee Unplugged 2019,vpfiends,vpfiends,Ruby Rock,31-07-2026 04:34:42,52,-20,11685,https://www.youtube.com/watch?v=jOFNXunSG54,https://teknoparrot.com/en/Highscore/EntrySpecificGt06?gameId=gt19&entryId=974,2,3,2,3,2,2,3,3,4,2,3,4,3,4,4,3,2,3
Golden Tee Unplugged 2019,vpfiends,vpfiends,Cape Haven,31-07-2026 04:25:26,56,-16,0,https://www.youtube.com/watch?v=5GSvlEkpR-g,https://teknoparrot.com/en/Highscore/EntrySpecificGt06?gameId=gt19&entryId=973,3,3,2,4,3,3,4,3,2,3,3,4,3,3,4,3,3,3
Golden Tee Unplugged 2019,vpfiends,vpfiends,Sunny Wood,31-07-2026 02:18:51,69,-3,8223,,https://teknoparrot.com/en/Highscore/EntrySpecificGt06?gameId=gt19&entryId=971,4,3,3,4,2,4,4,5,4,2,4,5,4,5,4,5,4,3
Golden Tee Unplugged 2019,vpfiends,vpfiends,Cape Haven,31-07-2026 01:53:58,56,-16,12559,,https://teknoparrot.com/en/Highscore/EntrySpecificGt06?gameId=gt19&entryId=970,3,3,2,3,3,3,3,2,2,3,4,4,3,4,3,4,5,2
Golden Tee Unplugged 2019,ed20910,ed20910,Ruby Rock,01-08-2026 00:08:51,52,-20,3928,https://www.youtube.com/watch?v=GRIwJO3yk5U,https://teknoparrot.com/en/Highscore/EntrySpecificGt06?gameId=gt19&entryId=1004,2,3,2,3,2,3,4,3,3,2,4,4,4,2,3,4,2,2
Power Putt Live 2013,vpfiends,vpfiends,Safari River,31-07-2026 22:58:37,52,-5,81735,,https://teknoparrot.com/en/Highscore/EntrySpecificGt06?gameId=ppl13&entryId=909,2,4,2,4,1,2,3,4,3,4,3,2,5,3,2,3,2,3
Golden Tee Unplugged 2019,ed20910,ed20910,Ruby Rock,01-08-2026 18:51:21,56,-16,5495,https://www.youtube.com/watch?v=KfTvKGxVsGg,https://teknoparrot.com/en/Highscore/EntrySpecificGt06?gameId=gt19&entryId=1032,4,4,2,5,3,2,4,2,4,2,3,3,3,3,3,2,4,3
Golden Tee Unplugged 2019,ed20910,ed20910,Ruby Rock,01-08-2026 18:39:25,54,-18,21443,https://www.youtube.com/watch?v=V2rkRc7-VYM,https://teknoparrot.com/en/Highscore/EntrySpecificGt06?gameId=gt19&entryId=1031,2,3,1,3,2,3,3,2,4,2,3,3,4,3,5,3,4,4
Golden Tee Unplugged 2019,ed20910,ed20910,Ruby Rock,02-08-2026 00:34:49,55,-17,35997,https://www.youtube.com/watch?v=FboMfDVTaOE,https://teknoparrot.com/en/Highscore/EntrySpecificGt06?gameId=gt19&entryId=1046,2,3,2,3,2,4,4,2,4,2,4,3,5,3,4,2,3,3
Golden Tee Unplugged 2019,ed20910,ed20910,Ruby Rock,02-08-2026 00:24:01,51,-21,2560,https://www.youtube.com/watch?v=6mCqD0cPNRk,https://teknoparrot.com/en/Highscore/EntrySpecificGt06?gameId=gt19&entryId=1045,2,3,2,3,2,2,3,3,4,2,5,3,3,2,3,3,4,2
Golden Tee Unplugged 2019,ed20910,ed20910,Ruby Rock,02-08-2026 00:12:22,55,-17,0,https://www.youtube.com/watch?v=3dqPmr8YFn0,https://teknoparrot.com/en/Highscore/EntrySpecificGt06?gameId=gt19&entryId=1044,4,3,2,3,2,2,4,2,4,2,4,4,3,3,3,4,2,4
Golden Tee Unplugged 2019,ed20910,ed20910,Eagle Crest,01-08-2026 23:59:08,64,-7,0,https://www.youtube.com/watch?v=YGzhbCvZezY,https://teknoparrot.com/en/Highscore/EntrySpecificGt06?gameId=gt19&entryId=1042,3,3,3,4,4,2,4,5,3,3,4,2,5,3,3,5,4,4
Golden Tee Unplugged 2019,ed20910,ed20910,Ruby Rock,01-08-2026 23:44:25,54,-18,17184,https://www.youtube.com/watch?v=H2jRaYDK9Yw,https://teknoparrot.com/en/Highscore/EntrySpecificGt06?gameId=gt19&entryId=1038,2,3,2,3,3,2,4,2,4,2,3,4,4,3,4,4,2,3
Golden Tee Unplugged 2019,ed20910,ed20910,Ruby Rock,01-08-2026 23:33:29,57,-15,5976,https://www.youtube.com/watch?v=s2a3G68VJ2M,https://teknoparrot.com/en/Highscore/EntrySpecificGt06?gameId=gt19&entryId=1036,2,5,2,3,4,2,3,2,4,2,5,6,4,2,3,3,2,3
Golden Tee Unplugged 2019,vpfiends,vpfiends,Ruby Rock,02-08-2026 00:00:10,58,-14,0,,https://teknoparrot.com/en/Highscore/EntrySpecificGt06?gameId=gt19&entryId=1043,3,3,2,3,2,2,4,3,4,2,4,4,4,5,4,5,2,2
Golden Tee Unplugged 2019,vpfiends,vpfiends,Ruby Rock,01-08-2026 23:51:39,55,-17,7785,https://www.youtube.com/watch?v=99msGI5GUfk,https://teknoparrot.com/en/Highscore/EntrySpecificGt06?gameId=gt19&entryId=1040,2,4,2,3,5,2,4,2,4,2,3,4,3,2,3,3,2,5
Golden Tee Unplugged 2019,vpfiends,vpfiends,Ruby Rock,01-08-2026 23:42:44,56,-16,2607,https://www.youtube.com/watch?v=SHxslW_fOdY,https://teknoparrot.com/en/Highscore/EntrySpecificGt06?gameId=gt19&entryId=1037,3,3,2,3,3,2,4,3,3,4,3,4,4,3,3,3,3,3
Golden Tee Unplugged 2019,vpfiends,vpfiends,Moose Landing,02-08-2026 05:33:35,61,-11,0,,https://teknoparrot.com/en/Highscore/EntrySpecificGt06?gameId=gt19&entryId=1053,4,3,2,3,2,4,2,3,4,5,4,2,3,4,3,3,6,4
Golden Tee Unplugged 2019,vpfiends,vpfiends,Ruby Rock,02-08-2026 05:21:44,55,-17,35461,https://www.youtube.com/watch?v=1s_TglgGlAg,https://teknoparrot.com/en/Highscore/EntrySpecificGt06?gameId=gt19&entryId=1052,3,3,2,3,2,2,2,3,5,2,3,4,3,2,4,3,4,5
Golden Tee Unplugged 2019,Paladin242,Paladin242,Ruby Rock,02-08-2026 08:28:19,69,-3,0,https://www.youtube.com/watch?v=DtMz7eLGJX4,https://teknoparrot.com/en/Highscore/EntrySpecificGt06?gameId=gt19&entryId=1066,2,4,2,4,3,4,3,4,6,2,3,4,5,4,5,4,6,4
Golden Tee Unplugged 2019,Paladin242,Paladin242,Ruby Rock,02-08-2026 08:09:03,63,-9,0,https://www.youtube.com/watch?v=1ArmmkmuOws,https://teknoparrot.com/en/Highscore/EntrySpecificGt06?gameId=gt19&entryId=1065,3,3,2,4,4,2,3,3,5,2,4,5,5,2,4,4,5,3
Golden Tee Unplugged 2019,Paladin242,Paladin242,Ruby Rock,02-08-2026 07:54:05,66,-6,0,https://www.youtube.com/watch?v=gy0ZzWJIL6s,https://teknoparrot.com/en/Highscore/EntrySpecificGt06?gameId=gt19&entryId=1064,3,4,3,3,6,2,4,4,4,2,3,5,4,3,4,4,4,4
Golden Tee Unplugged 2019,vpfiends,vpfiends,Sandhill Woods,02-08-2026 05:42:51,57,-15,2511,,https://teknoparrot.com/en/Highscore/EntrySpecificGt06?gameId=gt19&entryId=1054,2,3,4,2,3,3,3,2,5,3,2,3,2,4,6,3,4,3
Golden Tee Unplugged 2019,Paladin242,Paladin242,Ruby Rock,02-08-2026 09:04:10,67,-5,0,https://www.youtube.com/watch?v=NaqxcWeYT1A,https://teknoparrot.com/en/Highscore/EntrySpecificGt06?gameId=gt19&entryId=1067,4,3,3,4,4,2,3,4,5,2,3,4,4,3,6,4,4,5
Golden Tee Unplugged 2019,vpfiends,vpfiends,Ruby Rock,02-08-2026 23:12:53,61,-11,0,,https://teknoparrot.com/en/Highscore/EntrySpecificGt06?gameId=gt19&entryId=1082,3,4,2,4,3,2,4,3,5,3,3,4,4,3,3,3,3,5
Golden Tee Unplugged 2019,vpfiends,vpfiends,Ruby Rock,02-08-2026 23:03:23,55,-17,13155,https://www.youtube.com/watch?v=fHbfb1z3CXc,https://teknoparrot.com/en/Highscore/EntrySpecificGt06?gameId=gt19&entryId=1081,3,2,2,3,2,3,3,3,4,2,4,4,4,4,3,2,4,3
Golden Tee Unplugged 2019,vpfiends,vpfiends,Ruby Rock,02-08-2026 22:54:10,59,-13,0,https://www.youtube.com/watch?v=nuS0_rHeg1U,https://teknoparrot.com/en/Highscore/EntrySpecificGt06?gameId=gt19&entryId=1080,3,3,2,5,3,2,4,3,4,2,5,4,3,3,3,4,4,2
Golden Tee Unplugged 2019,vpfiends,vpfiends,Pelican Grove,03-08-2026 03:38:43,60,-12,2787,,https://teknoparrot.com/en/Highscore/EntrySpecificGt06?gameId=gt19&entryId=1089,4,3,2,2,5,3,3,3,3,3,5,2,4,4,3,3,4,4
Golden Tee Unplugged 2019,vpfiends,vpfiends,Antelope Pass,03-08-2026 03:29:28,54,-18,7147,https://www.youtube.com/watch?v=QEEl9pm_AgU,https://teknoparrot.com/en/Highscore/EntrySpecificGt06?gameId=gt19&entryId=1087,3,3,2,3,3,3,2,4,2,3,3,3,2,3,4,4,4,3
Golden Tee Unplugged 2019,vpfiends,vpfiends,Sandhill Woods,03-08-2026 03:19:51,58,-14,0,https://www.youtube.com/watch?v=PE8lMtdWhks,https://teknoparrot.com/en/Highscore/EntrySpecificGt06?gameId=gt19&entryId=1086,3,2,3,3,3,4,3,2,4,3,4,5,3,3,3,5,2,3
Golden Tee Unplugged 2019,vpfiends,vpfiends,Ruby Rock,03-08-2026 03:10:34,63,-9,0,https://www.youtube.com/watch?v=38i_6guJjE4,https://teknoparrot.com/en/Highscore/EntrySpecificGt06?gameId=gt19&entryId=1084,3,6,3,3,3,3,3,3,4,2,3,4,5,4,4,3,3,4
Golden Tee Unplugged 2019,vpfiends,vpfiends,Ruby Rock,03-08-2026 03:01:45,62,-10,0,https://www.youtube.com/watch?v=ZGYNS46hILo,https://teknoparrot.com/en/Highscore/EntrySpecificGt06?gameId=gt19&entryId=1083,2,4,2,6,2,2,3,2,4,2,4,6,5,5,4,3,4,2
Golden Tee Unplugged 2019,vpfiends,vpfiends,Ruby Rock,04-08-2026 01:00:34,56,-16,0,https://www.youtube.com/watch?v=zQGgCiS6NaI,https://teknoparrot.com/en/Highscore/EntrySpecificGt06?gameId=gt19&entryId=1097,3,3,3,4,2,2,3,2,4,2,3,4,3,3,4,4,3,4
Golden Tee Unplugged 2019,vpfiends,vpfiends,Ruby Rock,04-08-2026 00:51:47,57,-15,0,https://www.youtube.com/watch?v=dUwkGnCGqCM,https://teknoparrot.com/en/Highscore/EntrySpecificGt06?gameId=gt19&entryId=1096,3,3,2,4,3,2,3,2,4,2,4,5,3,3,5,3,3,3
Golden Tee Unplugged 2019,vpfiends,vpfiends,Ruby Rock,04-08-2026 03:54:55,57,-15,0,,https://teknoparrot.com/en/Highscore/EntrySpecificGt06?gameId=gt19&entryId=1108,2,3,2,3,2,3,3,3,4,2,4,7,3,3,4,3,3,3
Golden Tee Unplugged 2019,vpfiends,vpfiends,Ruby Rock,04-08-2026 03:45:15,57,-15,6465,https://www.youtube.com/watch?v=zADk0ewuc9s,https://teknoparrot.com/en/Highscore/EntrySpecificGt06?gameId=gt19&entryId=1106,2,3,2,3,2,2,4,2,4,3,3,5,6,4,4,3,2,3
Golden Tee Unplugged 2019,vpfiends,vpfiends,Ruby Rock,04-08-2026 03:35:18,53,-19,0,https://www.youtube.com/watch?v=-aeKOcAFhPs,https://teknoparrot.com/en/Highscore/EntrySpecificGt06?gameId=gt19&entryId=1103,3,4,2,3,2,2,3,3,4,2,3,4,4,3,3,3,3,2
Golden Tee Unplugged 2019,vpfiends,vpfiends,Royal Dubai,04-08-2026 01:09:37,61,-11,0,,https://teknoparrot.com/en/Highscore/EntrySpecificGt06?gameId=gt19&entryId=1098,3,5,4,2,4,2,3,3,3,3,2,4,4,2,5,5,3,4
Golden Tee Unplugged 2019,vpfiends,vpfiends,Ruby Rock,05-08-2026 04:08:03,59,-13,7934,,https://teknoparrot.com/en/Highscore/EntrySpecificGt06?gameId=gt19&entryId=1144,3,3,2,4,2,3,3,4,4,4,3,4,3,3,4,3,4,3
Golden Tee Unplugged 2019,vpfiends,vpfiends,Ruby Rock,05-08-2026 03:59:35,54,-18,0,https://www.youtube.com/watch?v=qnHYHBdzjKE,https://teknoparrot.com/en/Highscore/EntrySpecificGt06?gameId=gt19&entryId=1142,3,2,2,3,3,3,4,3,4,2,4,4,3,3,3,3,2,3
Golden Tee Unplugged 2019,vpfiends,vpfiends,Ruby Rock,05-08-2026 03:50:38,59,-13,0,https://www.youtube.com/watch?v=fZq-khG7peE,https://teknoparrot.com/en/Highscore/EntrySpecificGt06?gameId=gt19&entryId=1141,3,5,2,4,3,2,4,2,4,3,3,5,3,3,4,4,3,2
Golden Tee Unplugged 2019,vpfiends,vpfiends,Ruby Rock,05-08-2026 05:34:36,53,-19,0,,https://teknoparrot.com/en/Highscore/EntrySpecificGt06?gameId=gt19&entryId=1149,3,2,2,3,2,2,3,3,3,2,3,5,3,3,4,3,4,3
Golden Tee Unplugged 2019,vpfiends,vpfiends,Ruby Rock,05-08-2026 05:25:44,52,-20,12751,https://www.youtube.com/watch?v=Q434lhpD-UA,https://teknoparrot.com/en/Highscore/EntrySpecificGt06?gameId=gt19&entryId=1148,2,3,2,3,2,3,3,2,4,2,4,4,3,3,4,3,2,3
Golden Tee Unplugged 2019,vpfiends,vpfiends,Ruby Rock,05-08-2026 05:16:54,55,-17,29229,https://www.youtube.com/watch?v=kpDUY6I5K_A,https://teknoparrot.com/en/Highscore/EntrySpecificGt06?gameId=gt19&entryId=1147,3,3,2,4,1,2,3,3,6,2,3,4,3,4,4,3,3,2
Golden Tee Unplugged 2019,vpfiends,vpfiends,Ruby Rock,05-08-2026 22:46:16,53,-19,0,,https://teknoparrot.com/en/Highscore/EntrySpecificGt06?gameId=gt19&entryId=1181,2,2,2,5,2,2,3,3,4,2,4,5,3,2,3,3,3,3
Golden Tee Unplugged 2019,vpfiends,vpfiends,Ruby Rock,05-08-2026 22:38:17,55,-17,0,https://www.youtube.com/watch?v=Omr_ugTz8eM,https://teknoparrot.com/en/Highscore/EntrySpecificGt06?gameId=gt19&entryId=1180,3,2,2,4,3,2,4,2,4,2,3,4,3,3,4,4,3,3
Golden Tee Unplugged 2019,vpfiends,vpfiends,Ruby Rock,05-08-2026 22:30:37,58,-14,0,https://www.youtube.com/watch?v=hph9HjfoHk8,https://teknoparrot.com/en/Highscore/EntrySpecificGt06?gameId=gt19&entryId=1179,3,3,3,3,2,2,3,3,4,4,3,4,3,4,3,4,3,4
Golden Tee Unplugged 2019,vpfiends,vpfiends,Ruby Rock,06-08-2026 04:06:50,56,-16,4388,,https://teknoparrot.com/en/Highscore/EntrySpecificGt06?gameId=gt19&entryId=1194,4,3,2,3,3,2,4,3,4,2,3,4,4,3,3,3,3,3
Golden Tee Unplugged 2019,vpfiends,vpfiends,Ruby Rock,06-08-2026 03:58:51,52,-20,0,https://www.youtube.com/watch?v=nucs7ytcKMU,https://teknoparrot.com/en/Highscore/EntrySpecificGt06?gameId=gt19&entryId=1193,3,3,2,3,3,2,3,3,3,3,3,4,3,3,3,3,2,3
Golden Tee Unplugged 2019,vpfiends,vpfiends,Ruby Rock,06-08-2026 03:40:50,56,-16,0,https://www.youtube.com/watch?v=DQk6EcNAxio,https://teknoparrot.com/en/Highscore/EntrySpecificGt06?gameId=gt19&entryId=1192,3,2,2,4,2,3,3,2,4,2,3,4,6,3,4,3,4,2
Golden Tee Unplugged 2019,vpfiends,vpfiends,Ruby Rock,06-08-2026 03:32:35,52,-20,0,https://www.youtube.com/watch?v=KvKhtVC1OwI,https://teknoparrot.com/en/Highscore/EntrySpecificGt06?gameId=gt19&entryId=1190,3,3,2,3,2,2,3,2,3,2,5,4,3,3,4,2,3,3
Golden Tee Unplugged 2019,vpfiends,vpfiends,Ruby Rock,06-08-2026 03:24:23,53,-19,0,https://www.youtube.com/watch?v=qFp6TDpQcng,https://teknoparrot.com/en/Highscore/EntrySpecificGt06?gameId=gt19&entryId=1189,3,3,2,3,2,2,3,3,3,2,3,4,3,3,4,3,4,3
Golden Tee Unplugged 2019,vpfiends,vpfiends,Ruby Rock,07-08-2026 03:34:57,50,-23,0,https://www.youtube.com/watch?v=bjbNT9I7fiQ,https://teknoparrot.com/en/Highscore/EntrySpecificGt06?gameId=gt19&entryId=1198,3,2,2,3,2,2,3,2,4,2,4,4,3,3,3,3,2,3
Golden Tee Unplugged 2019,vpfiends,vpfiends,Pelican Grove,08-08-2026 03:28:28,60,-12,4036,,https://teknoparrot.com/en/Highscore/EntrySpecificGt06?gameId=gt19&entryId=1217,3,3,2,2,3,3,4,3,4,3,4,3,4,5,3,3,5,3
Golden Tee Unplugged 2019,vpfiends,vpfiends,Greek Hills,08-08-2026 03:19:24,61,-11,0,https://www.youtube.com/watch?v=Ng7ADpX2Yvg,https://teknoparrot.com/en/Highscore/EntrySpecificGt06?gameId=gt19&entryId=1216,3,3,3,3,3,4,2,5,3,3,4,3,3,4,5,3,4,3
Golden Tee Unplugged 2019,vpfiends,vpfiends,Greek Hills,08-08-2026 22:32:59,59,-13,0,,https://teknoparrot.com/en/Highscore/EntrySpecificGt06?gameId=gt19&entryId=1240,3,3,2,3,3,5,2,4,3,3,5,5,2,4,4,4,2,2
Golden Tee Unplugged 2019,vpfiends,vpfiends,Beals Creek,08-08-2026 22:23:45,52,-20,6168,https://www.youtube.com/watch?v=YAeX1Tmxweg,https://teknoparrot.com/en/Highscore/EntrySpecificGt06?gameId=gt19&entryId=1239,2,3,2,3,3,4,3,3,2,3,3,2,4,4,3,3,2,3
Golden Tee Unplugged 2019,vpfiends,vpfiends,Greek Hills,09-08-2026 04:23:49,61,-11,13140,,https://teknoparrot.com/en/Highscore/EntrySpecificGt06?gameId=gt19&entryId=1263,3,2,2,4,3,3,2,4,4,4,4,4,3,4,6,4,2,3
Golden Tee Unplugged 2019,vpfiends,vpfiends,Greek Hills,09-08-2026 04:14:10,60,-13,7190,https://www.youtube.com/watch?v=m9G5lHPSvZU,https://teknoparrot.com/en/Highscore/EntrySpecificGt06?gameId=gt19&entryId=1260,3,3,2,4,3,3,2,5,3,3,4,4,2,4,5,4,2,4
Golden Tee Unplugged 2019,Paladin242,Paladin242,Greek Hills,09-08-2026 09:33:48,77,+5,0,https://www.youtube.com/watch?v=EAv_Zzuqtv8,https://teknoparrot.com/en/Highscore/EntrySpecificGt06?gameId=gt19&entryId=1289,4,4,3,5,3,3,3,4,4,4,5,4,4,6,5,6,7,3
Golden Tee Unplugged 2019,Paladin242,Paladin242,Greek Hills,09-08-2026 09:14:05,72,E,0,https://www.youtube.com/watch?v=b4mbE-lGiz4,https://teknoparrot.com/en/Highscore/EntrySpecificGt06?gameId=gt19&entryId=1288,4,3,3,5,4,4,3,5,4,4,4,3,5,4,4,5,4,4
Golden Tee Unplugged 2019,Paladin242,Paladin242,Greek Hills,09-08-2026 08:56:37,66,-6,0,https://www.youtube.com/watch?v=44IRQeSCRsE,https://teknoparrot.com/en/Highscore/EntrySpecificGt06?gameId=gt19&entryId=1285,3,3,2,4,3,4,3,7,4,3,5,3,3,3,5,4,4,3
Golden Tee Unplugged 2019,vpfiends,vpfiends,Greek Hills,09-08-2026 19:16:39,58,-14,20091,https://www.youtube.com/watch?v=qT3udtSi9Cw,https://teknoparrot.com/en/Highscore/EntrySpecificGt06?gameId=gt19&entryId=1292,3,3,1,4,3,4,2,4,4,3,4,3,2,3,4,5,3,3
Power Putt Live 2013,vpfiends,vpfiends,Haunted Hills,09-08-2026 19:04:39,48,-9,96836,,https://teknoparrot.com/en/Highscore/EntrySpecificGt06?gameId=ppl13&entryId=921,2,2,2,2,2,2,4,2,2,2,5,5,3,3,3,2,3,2
Golden Tee Unplugged 2019,ed20910,ed20910,Greek Hills,13-08-2026 07:11:20,63,-9,4536,https://www.youtube.com/watch?v=yi3ZaDvvueU,https://teknoparrot.com/en/Highscore/EntrySpecificGt06?gameId=gt19&entryId=1334,3,3,2,4,2,4,2,6,4,3,5,4,3,4,5,5,2,2
Golden Tee Unplugged 2019,ed20910,ed20910,Greek Hills,13-08-2026 06:21:46,61,-11,7798,https://www.youtube.com/watch?v=GekOjdV65i0,https://teknoparrot.com/en/Highscore/EntrySpecificGt06?gameId=gt19&entryId=1329,3,3,3,4,2,5,3,5,3,3,5,3,2,3,4,3,4,3
Golden Tee Unplugged 2019,ed20910,ed20910,Greek Hills,13-08-2026 05:17:24,67,-5,0,https://www.youtube.com/watch?v=h1lbaZ3Kq8M,https://teknoparrot.com/en/Highscore/EntrySpecificGt06?gameId=gt19&entryId=1327,4,3,3,3,2,4,2,5,4,4,6,3,3,3,5,4,3,6
Golden Tee Unplugged 2019,ed20910,ed20910,Greek Hills,13-08-2026 05:04:03,61,-11,6464,https://www.youtube.com/watch?v=gsVxZHIofkw,https://teknoparrot.com/en/Highscore/EntrySpecificGt06?gameId=gt19&entryId=1326,3,3,2,4,4,3,3,3,5,3,6,4,2,3,5,3,2,3
Golden Tee Unplugged 2019,vpfiends,vpfiends,Highland Links,15-08-2026 03:48:47,62,-10,5588,,https://teknoparrot.com/en/Highscore/EntrySpecificGt06?gameId=gt19&entryId=1362,3,4,2,3,3,4,2,3,4,4,2,3,6,6,4,4,3,2
Golden Tee Unplugged 2019,vpfiends,vpfiends,Highland Links,15-08-2026 03:39:52,59,-13,5567,https://www.youtube.com/watch?v=eisoX4DT9lQ,https://teknoparrot.com/en/Highscore/EntrySpecificGt06?gameId=gt19&entryId=1360,2,3,2,3,3,3,2,4,3,3,2,5,4,3,5,4,5,3
Golden Tee Unplugged 2019,vpfiends,vpfiends,Highland Links,15-08-2026 03:30:10,59,-13,0,https://www.youtube.com/watch?v=UNmlbOXZz5w,https://teknoparrot.com/en/Highscore/EntrySpecificGt06?gameId=gt19&entryId=1358,3,3,2,4,4,3,2,4,3,3,3,3,5,5,3,3,3,3
Power Putt Live 2013,vpfiends,vpfiends,The Freaky Tiki,15-08-2026 05:46:37,48,-9,112615,,https://teknoparrot.com/en/Highscore/EntrySpecificGt06?gameId=ppl13&entryId=937,1,1,2,2,7,2,3,1,5,2,3,2,2,4,3,3,4,1
Power Putt Live 2013,vpfiends,vpfiends,Roadside 66,15-08-2026 05:21:08,45,-12,91701,,https://teknoparrot.com/en/Highscore/EntrySpecificGt06?gameId=ppl13&entryId=936,2,2,2,2,4,4,3,3,2,3,2,4,2,1,2,3,3,1
